Code,subcode,Offence description
00000,0.0,Unknown
00100,100.0,Murder    [Use this code only if you are unable to determine which subcoded Offence applies]
00101,101.0,Murder of persons aged 1 year or over. Murder abroad by UK citizen. Genocide or crime against humanity
00102,102.0,Murder: Of infants under 1 year of age. Murder abroad by UK citizen.
00200,200.0,Attempted murder. Attempted murder abroad by UK citizen. Attempted genocide or crime against humanity
00300,300.0,"Threats, conspiracy or incitement to murder    [Use this code only if you are unable to determine which subcoded Offence applies]"
00301,301.0,Making threats to kill
00302,302.0,"Conspiracy or soliciting, etc., to commit murder. Conspiracy or soliciting to commit murder abroad by UK citizen. Conspiring, aiding, abetting, counselling, procuring or inciting commission of genocide or crime against humanity"
00303,303.0,Assisting offender by impeding his apprehension or prosecution in a case of murder. Concealing commission of genocide or crime against humanity
00304,304.0,Intentionally encouraging or assisting commission of Murder
00305,305.0,Encouraging or assisting in the commission of Murder believing it will be committed
00306,306.0,Encouraging or assisting in the commission of one or more offences of Murder believing one or more will be committed
00400,400.0,Manslaughter etc    [Use this code only if you are unable to determine which subcoded Offence applies]
00401,401.0,Manslaughter. Manslaughter abroad by UK citizen. Manslaughter by driving
00402,402.0,Infanticide
00403,403.0,Child destruction
00404,404.0,Causing death by dangerous driving
00405,405.0,Manslaughter: Diminished responsibility
00406,406.0,Causing death by careless driving when under the influence of drink or drugs
00407,407.0,Causing or allowing the death of a child or vulnerable person
00408,408.0,Causing death by careless or inconsiderate driving
00409,409.0,"Causing death by driving - unlicensed, disqualified or uninsured drivers"
00410,410.0,Applicable organisation by way of management or organisation of its activities causing death by gross breach of duty of care
00411,411.0,Causing or allowing child or vulnerable adult to suffer serious physical harm
00412,412.0,Cause serious injury by dangerous driving
00413,413.0,Cause death by driving without due care / consideration while over prescribed limit - specified controlled drug
00417,417.0,Cause death by driving whilst disqualified
00418,418.0,Cause serious injury by driving whilst disqualified
00500,500.0,Wounding and other acts endangering life    [Use this code only if you are unable to determine which subcoded Offence applies]
00501,501.0,"Wounding, etc, with intent to do grievous bodily harm, etc., or to resist apprehension"
00502,502.0,Shooting at naval or revenue vessels
00504,504.0,"Attempting to choke, suffocate etc with intent to commit an indictable offence (garrotting)"
00505,505.0,"Using chloroform, etc., to commit or assist in committing an indictable offence"
00506,506.0,"Burning, maiming, etc. by explosion"
00507,507.0,"Causing, explosions or casting corrosive fluids with intent to do grievous bodily harm"
00508,508.0,Impeding the saving of life from shipwreck
00509,509.0,"Placing, etc. explosives in or near ships or buildings with intent to do bodily harm, etc."
00510,510.0,Endangering life or causing harm by administering poison
00511,511.0,"Causing danger by causing anything to be on a road, interfering with a vehicle or traffic equipment"
00513,513.0,Possession etc. of explosives with intent to endanger life
00514,514.0,"Possession of firearms etc., with intent to endanger life (Group I)"
00515,515.0,Possession of firearms etc. with intent to endanger life (Group II)
00516,516.0,Possession of firearms etc. with intent to endanger life(Group III)
00517,517.0,Using etc. firearms or imitation firearms with intent to resist arrest etc. (Group I)
00518,518.0,Using etc. firearms or imitation firearms with intent to resist arrest etc. (Group II)
00519,519.0,Using etc. firearms or imitation firearms with intent to resist arrest etc. (Group III)
00520,520.0,Use etc. of chemical weapons
00521,521.0,Use of premises or equipment for producing chemical weapons
00522,522.0,"Use, threat of use, production or possession of a nuclear weapon"
00523,523.0,Weapons related acts overseas
00524,524.0,Use of noxious substances or things to cause harm or intimidate
00525,525.0,Performing an aviation function or ancillary function when ability to carry out function is impaired because of drink or drugs
00526,526.0,Endangering safety at aerodromes
00527,527.0,Torture
00600,600.0,Endangering railway passengers    [Use this code only if you are unable to determine which subcoded Offence applies]
00601,601.0,"Endangering railway passengers: By placing, etc., anything on railway, taking up rails, changing points and signals etc."
00602,602.0,"Endangering railway passengers: By throwing anything at railway carriages, etc."
00603,603.0,"Endangering railway passengers: By unlawful acts, or by omission or neglect"
00604,604.0,"Endangering railway passengers: Destroying, damaging etc. a Channel Tunnel train or the Tunnel system, or committing acts of violence likely to endanger safety of operation. Similar offences under Channel Tunnel Act 1987"
00700,700.0,Endangering life at sea    [Use this code only if you are unable to determine which subcoded Offence applies]
00701,701.0,Sending unseaworthy ship to sea
00702,702.0,Master of ship not waiting to save lives in collision
00703,703.0,"Endangering ship, life or limb on ship-board by breach of duty"
00704,704.0,Master of ship failing to render assistance to ships in distress or persons in danger at sea
00705,705.0,Taking or sending a ship to sea with load line submerged
00706,706.0,Owner or master of ship contravening cargo ship construction and survey rules
00707,707.0,"Misconduct of Master or crew likely to endanger ships, structures or individuals"
00708,708.0,Drunkenness etc. on duty - Endangering life at sea
00709,709.0,Contravention of deck cargo regulations (load lines etc.)
00710,710.0,"Intentionally makes or assists in making or procures to be made, a false or fraudulent certificate (load lines etc.)"
00711,711.0,"Using etc. in navigation any unsafe lighter, barge or like vessel, likely to endanger human life"
00712,712.0,"Concerted disobedience, persistent and wilful neglect of duty or impedes progress of voyager navigation of ship"
00713,713.0,"Master, Pilot or Seaman ability to carry out duties is impaired because of drink or drugs"
00714,714.0,Destroying ships or fixed platforms endangering their safety
00715,715.0,Other acts endangering or likely to endanger safe navigation
00716,716.0,"Inducing commission of offence relating to safety of ship, cargo or sea platform outside UK"
00717,717.0,"Assisting commission of offence relating to safety of ship, cargo or sea platform outside UK"
00800,800.0,Malicious wounding and other like offences    [Use this code only if you are unable to determine which subcoded Offence applies]
00801,801.0,Wound or inflict grievous bodily harm without intent
00802,802.0,Administering poison with intent to injure or annoy
00803,803.0,"Setting spring guns, etc., to injure trespassers"
00804,804.0,Causing bodily harm by furious driving
00805,805.0,Assaults on person preserving wreck
00806,806.0,Assaults occasioning actual bodily harm
00807,807.0,Assault police officer (triable either way offence)
00808,808.0,Assault police officer
00809,809.0,"Obstructing, assaulting or arresting upon civil process clergymen performing service"
00811,811.0,Possession of offensive weapons without lawful authority or reasonable excuse
00813,813.0,Possessing firearm or imitation firearm at time of committing or being arrested for an offence specified in Schedule 1 of the Act (Group I)
00814,814.0,Possessing firearm or imitation firearm at time of committing or being arrested for an offence specified in Schedule 1 of the Act (Group II)
00815,815.0,Possessing firearm or imitation firearm at time of committing or being arrested for an offence specified in Schedule 1 of the Act (Group III)
00816,816.0,Possessing firearms or imitation firearm with intent to commit an indictable offence or resist arrest etc. (Group I)
00817,817.0,"Possessing firearm or imitation firearm with intent to commit an indictable offence, or resist arrest etc. (Group II)"
00818,818.0,"Possessing firearms or imitation firearm with intent to commit an indictable offence, or resist arrest etc. (Group III)"
00819,819.0,Assault with intent to resist apprehension or assault a person assisting a constable
00820,820.0,Assault with intent to resist apprehension or assault a person assisting a constable
00821,821.0,Owner or person in charge allowing dog to be dangerously out of control in a public place injuring any person
00822,822.0,Owner or person in charge allowing dog to enter a non-public place and injuring any person
00823,823.0,"Possession of a firearm or imitation firearm, with intent to cause fear of violence (Group I)"
00824,824.0,Possession of a firearm or imitation firearm with intent to cause fear of violence (Group II)
00825,825.0,Possession of a firearm or imitation firearm with intent to cause fear of violence (Group III)
00826,826.0,Having an article with a blade or point in a public place
00827,827.0,Having an article with a blade or point on school premises
00828,828.0,Possession of offensive weapons without lawful authority or reasonable excuse on school premises
00829,829.0,Breach of the conditions of an injunction against harassment (was breach of molestation order)
00830,830.0,Putting people in fear of violence
00831,831.0,Breach of Restraining Order
00832,832.0,"Breach of Anti-Social Behaviour Order (order made to protect from alarm, distress or harassment)"
00833,833.0,Racially aggravated wounding or inflicting grievous bodily harm (inflicting bodily injury with or without weapon)
00834,834.0,Racially aggravated actual bodily harm (assaults occasioning ABH)
00835,835.0,Racially aggravated common assault
00836,836.0,"Racially aggravated intentional harassment, alarm or distress"
00837,837.0,Racially aggravated offence of harassment
00838,838.0,Racially aggravated putting people in fear of violence
00839,839.0,Breach of Restraining Order - for use with restraining orders made before Section 104 & 113 of the Sexual Offences Act 2003
00840,840.0,Religiously aggravated malicious wounding or GBH
00841,841.0,Religiously aggravated ABH
00842,842.0,Religiously aggravated common assault
00843,843.0,"Religiously aggravated intentional harassment, alarm or distress"
00844,844.0,Religiously aggravated offence of harassment
00845,845.0,Religiously aggravated putting people in fear of violence
00846,846.0,Racially or religiously aggravated malicious wounding or GBH
00847,847.0,Racially or religiously aggravated ABH
00848,848.0,Racially or religiously aggravated common assault.
00849,849.0,"Racially or religiously aggravated intentional harassment, alarm or distress"
00850,850.0,Racially or religiously aggravated offence of harassment
00851,851.0,Racially or religiously aggravated putting people in fear of violence
00852,852.0,"Excise, infibulate or otherwise mutilate the whole or any part of a girl's labia majora, labia minora or clitoris; Aid, abet, counsel or procure a girl to excise, infibulate or otherwise mutilate the whole or any part of her own labia majora, labia minora or clitoris; Aid, abet, counsel or procure a non-UK national or person who is not a permanent UK resident to do a relevant act of female genital mutilation outside the UK"
00853,853.0,"Using another to look after, hide or transport a dangerous weapon - offensive weapon, knife or bladed weapon"
00854,854.0,"Use another to look after, hide or transport a dangerous weapon - firearm"
00855,855.0,Racially or religiously aggravated intentional harassment or alarm or distress - words or writing
00856,856.0,Racially or religiously aggravated stalking without violence
00857,857.0,Racially or religiously aggravated common assault or beating
00858,858.0,Racially or religiously aggravated stalking with fear of violence
00859,859.0,Racially or religiously aggravated wounding or grievous bodily harm
00860,860.0,Racially or religiously aggravated assault occasioning actual bodily harm
00861,861.0,Threaten with an offensive weapon in a public place
00862,862.0,Threaten with a blade or sharply pointed article on school premises
00863,863.0,Threaten with an offensive weapon on school premises
00864,864.0,Threaten with blade/sharply pointed article in a public place
00865,865.0,Stalking involving fear of violence
00866,866.0,Stalking involving serious alarm/distress
00867,867.0,Engage in controlling / coercive behaviour in an intimate / family relationship
00868,868.0,Fail to protect girl from risk of genital mutilation
00869,869.0,Care worker ill-treat / wilfully neglect an individual
00870,870.0,Care provider breach duty of care resulting in ill-treatment / neglect of individual
00871,871.0,Disclose private sexual photographs and films with intent to cause distress
00872,872.0,Sending letters etc. with intent to cause distress or anxiety
00873,873.0,Assault of an emergency worker
00874,874.0,Breach of stalking order / interim stalking order
01100,1100.0,Cruelty to or neglect of children    [Use this code only if you are unable to determine which subcoded Offence applies]
01102,1102.0,Neglecting to provide for apprentice or servant
01103,1103.0,Cruelty to or neglect of children
01200,1200.0,Abandoning children under two years
01300,1300.0,Abduction of children    [Use this code only if you are unable to determine which subcoded Offence applies]
01301,1301.0,Abduction of a child by parent
01302,1302.0,Abduction of a child by other persons
01400,1400.0,Procuring illegal abortion    [Use this code only if you are unable to determine which subcoded Offence applies]
01401,1401.0,Administering or using drugs or using instruments to procure abortion
01402,1402.0,Procuring drugs etc. to cause abortion
01500,1500.0,Concealment of birth
01600,1600.0,Buggery and Attempted Buggery    [Use this code only if you are unable to determine which subcoded Offence applies]
01602,1602.0,Buggery and Attempted Buggery: By a man with a male person of the age of sixteen or over without consent
01605,1605.0,Male member of staff or hospital or mental nursing home committing buggery or an act of gross indecency with male patient
01606,1606.0,Man committing buggery or an act of gross indecency with mentally disordered male patient who is subject to his care
01611,1611.0,Assault with intent to commit buggery
01612,1612.0,Buggery or attempted buggery by a male of a male under 16
01613,1613.0,Buggery or attempted buggery by a male aged 21 or over with a male aged 16 or 17
01614,1614.0,Buggery by a male aged 18-20 with a male aged 16 or 17
01615,1615.0,Buggery or attempted buggery by a male aged 16 or 17 with a male aged 16 or over
01616,1616.0,"Buggery or attempted buggery by a male with another male not included in 12,13,14 15 23,25 or 26"
01617,1617.0,Buggery or attempted buggery by a male with a female under 16
01618,1618.0,Buggery or attempted buggery by a male aged 21 or over with a female aged 16 or 17
01619,1619.0,Buggery or attempted buggery by a male aged 18-20 with a female aged 16 or 17
01620,1620.0,Buggery or attempted buggery by a male aged 16 or 17 with a female aged 16 or over
01621,1621.0,"Buggery or attempted buggery by a male with a female not included in 17,18,19 20 24,27 or 28"
01622,1622.0,Buggery or attempted buggery with an animal
01623,1623.0,Buggery or attempted buggery by a male aged 18-20 with a male aged under 16
01624,1624.0,Buggery or attempted buggery by a male aged 18-20 with a female aged under 16
01625,1625.0,Buggery or attempted buggery by a male aged 16 -17 with a male aged under 16
01626,1626.0,Buggery or attempted buggery by a male aged 21 or over with a male aged under 16
01627,1627.0,Buggery or attempted buggery by a male aged 21 or over with a female aged under 16
01628,1628.0,Buggery or attempted buggery by a male aged 16-17 with a female aged under 16
01700,1700.0,Sexual assault on a male (was Indecent assault on a male)    [Use this code only if you are unable to determine which subcoded Offence applies]
01711,1711.0,Indecent assault on male person under 16 years
01712,1712.0,Indecent assault on male person 16 years or over
01713,1713.0,Assault on a male by penetration
01714,1714.0,Assault of a male child under 13 by penetration
01715,1715.0,Sexual assault on a male
01716,1716.0,Sexual assault of a male child under 13
01800,1800.0,Indecency between males    [Use this code only if you are unable to determine which subcoded Offence applies]
01802,1802.0,"By a man with another male person other than as in classifications 18/03, 18/04, 18/05 or 18/06"
01803,1803.0,Gross indecency by a male aged 21 or over with a male aged under 18
01804,1804.0,Gross indecency by a male aged 18-20 with a male aged under 18
01805,1805.0,Gross indecency by a male aged under 18 with another male
01806,1806.0,Gross indecency by a male aged 18 or over with another male aged 18 or over
01807,1807.0,Gross indecency or Indecency by a male aged 16-17 with another male aged under 16
01808,1808.0,Gross indecency or indecency by a male aged 18-20 with another male aged under 16
01809,1809.0,Gross indecency or indecency by a male aged 16 or over with another male aged 16 or over
01810,1810.0,Gross indecency or indecency by a male aged under 16 with another male
01811,1811.0,Gross indecency or indecency by a male aged 21 or over with another male aged under 16
01900,1900.0,Rape    [Use this code only if you are unable to determine which subcoded Offence applies]
01902,1902.0,Man having unlawful sexual intercourse with a woman who is a defective
01903,1903.0,Male member of staff of hospital or mental nursing home having unlawful sexual intercourse with female patient
01904,1904.0,Man having unlawful sexual intercourse with mentally disordered female patient who is subject to his care
01907,1907.0,Rape of a female aged under 16
01908,1908.0,Rape of a female aged 16 or over
01909,1909.0,Rape of a male aged under 16
01910,1910.0,Rape of a male aged 16 or over
01911,1911.0,Attempted rape of a female aged under 16
01912,1912.0,Attempted rape of a female aged 16 or over
01913,1913.0,Attempted rape of a male aged under 16
01914,1914.0,Attempted rape of a male aged 16 or over
01916,1916.0,Rape of a female child under 13 by a male
01917,1917.0,Rape of a male child under 13 by a male
01918,1918.0,Attempted rape of a female child under 13 by a male
01919,1919.0,Attempted rape of a male child under 13 by a male
02000,2000.0,Sexual assault on a female    [Use this code only if you are unable to determine which subcoded Offence applies]
02001,2001.0,Indecent assault on female under 16 years of age
02002,2002.0,Indecent assault on female aged 16 years and over
02003,2003.0,Assault on a female by penetration
02004,2004.0,Assault on a female child under 13 by penetration
02005,2005.0,Sexual assault on a female
02006,2006.0,Sexual assault on a female child under 13
02100,2100.0,Sexual Activity (Male & Female) (including with a child under 13)    [Use this code only if you are unable to determine which subcoded Offence applies]
02101,2101.0,Unlawful sexual intercourse with a girl under 13
02102,2102.0,Causing or inciting a female child under 13 to engage in sexual activity - penetration
02103,2103.0,Causing or inciting a female child under 13 to engage in sexual activity - no penetration
02104,2104.0,Causing or Inciting a male child under 13 to engage in sexual activity - penetration
02105,2105.0,Causing or Inciting a male child under 13 to engage in sexual activity - no penetration
02106,2106.0,Sexual activity with a female child under 13 - offender aged 18 or over - penetration
02107,2107.0,Sexual activity with a male child under 13 - offender aged 18 or over - penetration
02108,2108.0,Causing or Inciting a female child under 13 to engage in sexual activity offender aged 18 or over - penetration
02109,2109.0,Causing or Inciting a male child under 13 to engage in sexual activity offender aged 18 or over - penetration
02110,2110.0,Engaging in sexual activity in the presence of a child under 13 (offender aged 18 or over)
02111,2111.0,Causing a child under 13 to watch a sexual act (offender aged 18 or over)
02112,2112.0,Sexual activity with a female child under 13 - offender aged under 18
02113,2113.0,Sexual activity with a male child under 13 - offender aged under 18
02114,2114.0,Causing or inciting a female child under 13 to engage in sexual activity - offender under 18
02115,2115.0,Causing or inciting a male child under 13 to engage in sexual activity - offender under 18
02116,2116.0,Engaging in sexual activity in the presence of a child under 13 - offender under 18
02117,2117.0,Causing a child under 13 to watch a sexual act - offender under 18
02118,2118.0,Sexual activity with a female child under 13 - offender aged 18 or over - no penetration
02119,2119.0,Sexual activity with a male child under 13 - offender aged 18 or over - no penetration
02120,2120.0,Causing or inciting a female child under 13 to engage in sexual activity - offender aged 18 or over - no penetration
02121,2121.0,Causing or inciting a male child under 13 to engage in sexual activity - offender aged 18 or over - no penetration
02122,2122.0,Sexual activity with a female child under 13 - offender aged under 18 - no penetration
02123,2123.0,Sexual activity with a male child under 13 - offender aged under 18 - no penetration
02124,2124.0,Causing or inciting a female child under 13 to engage in sexual activity - offender aged under 18 - no penetration
02125,2125.0,Causing or inciting a male child under 13 to engage in sexual activity - offender aged under 18 - no penetration
02200,2200.0,Sexual Activity (Male & Female) (including with a child under 16)    [Use this code only if you are unable to determine which subcoded Offence applies]
02201,2201.0,Unlawful sexual intercourse with a girl under 16
02202,2202.0,Causing a female person to engage in sexual activity without consent - penetration
02203,2203.0,Causing a male person to engage in sexual activity without consent - penetration
02204,2204.0,Causing a female person to engage in sexual activity without consent - no penetration
02205,2205.0,Causing a male person to engage in sexual activity without consent - no penetration
02206,2206.0,Sexual activity with a female child under 16 (offender aged 18 or over) - penetration
02207,2207.0,Sexual activity with a male child under 16 (offender aged 18 or over) - penetration
02208,2208.0,Causing or inciting a female child under 16 to engage in sexual activity (offender aged 18 or over) - penetration
02209,2209.0,Causing or inciting a male child under 16 to engage in sexual activity (offender aged 18 or over) - penetration
02210,2210.0,Engaging in sexual activity in the presence of a child under 16 (offender aged 18 or over)
02211,2211.0,Causing a child under 16 to watch a sexual act (offender aged 18 or over)
02212,2212.0,Sexual activity with a female child under 16 (offender under 18)
02213,2213.0,Sexual activity with a male child under 16 (offender under 18)
02214,2214.0,Causing or inciting a female child under 16 to engage in sexual activity (offender under 18)
02215,2215.0,Causing or inciting a male child under 16 to engage in sexual activity (offender under 18)
02216,2216.0,Engaging in sexual activity in the presence of a child under 16 (offender under 18)
02217,2217.0,Causing a child under 16 to watch a sexual act (offender under 18)
02218,2218.0,Sexual activity with a female child under 16 - offender aged 18 or over - no penetration
02219,2219.0,Sexual activity with a male child under 16 - offender aged 18 or over - no penetration
02220,2220.0,Causing or inciting a female child under 16 to engage in sexual activity (offender aged 18 or over) - no penetration
02221,2221.0,Causing or inciting a male child under 16 to engage in sexual activity (offender aged 18 or over) - no penetration
02222,2222.0,Sexual activity with a female child under 16 - offender aged under 18 - no penetration
02223,2223.0,Sexual activity with a male child under 16 - offender aged under 18 - no penetration
02224,2224.0,Causing or inciting a female child under 16 to engage in sexual activity - offender aged under 18 - no penetration
02225,2225.0,Causing or inciting a male child under 16 to engage in sexual activity - offender aged under 18 - no penetration
02300,2300.0,Familial sexual offences (incest)    [Use this code only if you are unable to determine which subcoded Offence applies]
02301,2301.0,Incest with a girl under 13
02302,2302.0,Other incest
02303,2303.0,Inciting girl under 16 to have incestuous sexual intercourse
02304,2304.0,Sexual activity with a female child family member - offender aged 18 or over at time of offence and victim 13-17 - penetration
02305,2305.0,Sexual activity with a male child family member - offender aged 18 or over at time of offence and victim 13-17 - penetration
02306,2306.0,Sexual activity with a female child family member - offender not 18 or over at time of offence and victim 13-17
02307,2307.0,Sexual activity with a male child family member - offender not 18 or over at time of offence and victim 13-17
02308,2308.0,Inciting a female child family member to engage in sexual activity - offender aged 18 or over at time of offence and victim 13-17 - penetration
02309,2309.0,Inciting a male child family member to engage in sexual activity - offender aged 18 or over at time of offence and victim 13-17 - penetration
02310,2310.0,Inciting a female child family member to engage in sexual activity - offender not 18 or over at time of offence and victim 13-17
02311,2311.0,Inciting a male child family member to engage in sexual activity - offender not 18 or over at time of offence and victim 13-17
02312,2312.0,Sex with an adult relative (offender aged 16 or over; relative aged 18 or over) - penetration
02313,2313.0,Sex with an adult relative (offender aged 16 or over; relative aged 18 or over) - consenting to penetration
02314,2314.0,Sexual activity with a female child family member - offender aged 18 or over at time of offence and victim under 13 - penetration
02315,2315.0,Sexual activity with a male child family member - offender aged 18 or over at time of offence and victim under 13 - penetration
02316,2316.0,Sexual activity with a female child family member - offender not 18 or over at time of offence and victim under 13
02317,2317.0,Sexual activity with a male child family member - offender not 18 or over at time of offence and victim under 13
02318,2318.0,Inciting a female child family member to engage in sexual activity - offender aged 18 or over at time of offence and victim under 13 - penetration
02319,2319.0,Inciting a male child family member to engage in sexual activity - offender aged 18 or over at time of offence and victim under 13 - penetration
02320,2320.0,Inciting a female child family member to engage in sexual activity - offender not 18 or over at time of offence and victim under 13
02321,2321.0,Inciting a male child family member to engage in sexual activity - offender not 18 or over at time of offence and victim under 13
02322,2322.0,Sexual activity with a female child family member - offender aged 18 or over at time of offence and victim 13-17 - no penetration
02323,2323.0,Sexual activity with a male child family member - offender aged 18 or over at time of offence and victim 13-17 - no penetration
02324,2324.0,Sexual activity with a female child family member - offender aged 18 or over at time of offence and victim under 13 - no penetration
02325,2325.0,Sexual activity with a male child family member - offender aged 18 or over at time of offence and victim under 13 - no penetration
02326,2326.0,Inciting a female child family member to engage in sexual activity - offender aged 18 or over at time of offence and victim 13-17 - no penetration
02327,2327.0,Inciting a male child family member to engage in sexual activity - offender aged 18 or over at time of offence and victim 13-17 - no penetration
02328,2328.0,Inciting a female child family member to engage in sexual activity - offender aged 18 or over at time of offence and victim under 13 - no penetration
02329,2329.0,Inciting a male child family member to engage in sexual activity - offender aged 18 or over at time of offence and victim & under 13 - no penetration
02330,2330.0,"Sexual activity with a female child family member under 13 - offender under 18 - penetration of anus, vagina or mouth by penis or other part of body"
02331,2331.0,"Sexual activity with a male child family member under 13 - offender under 18 - penetration of anus, vagina or mouth by penis or other part of body"
02332,2332.0,"Sexual activity with a female child family member 13 to 17 - offender under 18 - penetration of anus, vagina, mouth by penis or other part of body"
02333,2333.0,"Sexual activity with a male child family member 13 to 17 - offender under 18 - penetration of anus, vagina or mouth by penis or other part of body"
02334,2334.0,"Inciting a female child family member under 13 to engage in sexual activity - offender under 18 - penetration of anus, vagina or mouth by penis or other part of body"
02335,2335.0,"Inciting a male child family member under 13 to engage in sexual activity - offender under 18 - penetration of anus, vagina or mouth by penis or other part of body"
02336,2336.0,"Inciting a female child family member 13 - 17 to engage in sexual activity - offender under 18 - penetration of anus, vagina or mouth by penis or other part of body"
02337,2337.0,"Inciting a male child family member 13 - 17 to engage in sexual activity - offender under 18 - penetration of anus, vagina or mouth by penis or other part of body"
02400,2400.0,Exploitation of prostitution (procuration of males and females)    [Use this code only if you are unable to determine which subcoded Offence applies]
02401,2401.0,"Procuring female for immoral purposes, or using drugs to obtain or facilitate sexual intercourse"
02402,2402.0,Householder permitting unlawful sexual intercourse with girl under 16
02403,2403.0,Detention of female in brothel or other premises
02405,2405.0,Person responsible for girl under 16 causing or encouraging her prostitution etc
02406,2406.0,Living on earnings of prostitution or exercising control over prostitute
02407,2407.0,"Procuring, permitting or causing the prostitution etc. of female defective"
02410,2410.0,Man procuring an act of buggery between two other men which by reason of S.1(1) of the Sexual Offences Act 1967 is not an offence
02411,2411.0,Man or woman living wholly or in part on the earnings of male prostitution
02412,2412.0,Male of or over the age of 21 procuring or attempting to procure or being party to the commission by a male under 18 of an act of gross indecency with another male
02413,2413.0,Male procuring or attempting to procure or being party to the commission by a male of an act of gross indecency with another male other than as in 24/12 above.
02416,2416.0,Male aged 16-17 procuring or attempting to procure or being party to the commission of an act of gross indecency between men (one a male under 16)
02417,2417.0,Causing or inciting prostitution for gain
02418,2418.0,Controlling a prostitute for gain
02419,2419.0,Keeping a brothel used for prostitution
02500,2500.0,Abduction    [Use this code only if you are unable to determine which subcoded Offence applies]
02501,2501.0,Abduction of female having interest in property
02502,2502.0,Abduction of female by force
02503,2503.0,Abduction of unmarried girl under 16
02504,2504.0,Abduction of unmarried girl under 18
02505,2505.0,Abduction of female defective
02600,2600.0,Bigamy
02700,2700.0,Soliciting by a man
02800,2800.0,Burglary in a dwelling    [Use this code only if you are unable to determine which subcoded Offence applies]
02801,2801.0,Burglary with the intent to commit an offence triable only on indictment
02802,2802.0,Burglary with the commission of an offence triable only on indictment or with violence or the threat of violence.
02803,2803.0,Other burglary in a dwelling.
02804,2804.0,Burglary (with intent to inflict GBH - in dwelling) - Reclassified
02900,2900.0,Aggravated burglary in a dwelling
03000,3000.0,"Burglary, other than in a dwelling    [Use this code only if you are unable to determine which subcoded Offence applies]"
03001,3001.0,"Burglary, with the intent to commit or the commission of an offence triable only on indictment"
03002,3002.0,Other burglary other than in a dwelling
03100,3100.0,Aggravated burglary in a building other than a dwelling
03200,3200.0,"Entering with intent to commit felony (entering by night or breaking into houses, shops, etc, with intent to commit felony)."
03300,3300.0,Going equipped for stealing etc.
03400,3400.0,Robbery and assaults with intent to rob    [Use this code only if you are unable to determine which subcoded Offence applies]
03401,3401.0,Robbery
03402,3402.0,Assault with intent to rob
03403,3403.0,Theft of mail accompanied by robbery/Attempt robbery (Reclassified)
03500,3500.0,Blackmail
03600,3600.0,Kidnapping    [Use this code only if you are unable to determine which subcoded Offence applies]
03601,3601.0,Kidnapping
03602,3602.0,Hijacking
03603,3603.0,False imprisonment
03604,3604.0,Detaining and threatening to kill or injure a hostage
03605,3605.0,Forced marriage
03606,3606.0,Hold person in slavery or servitude
03607,3607.0,Require person to perform forced or compulsory labour
03608,3608.0,UK national arrange or facilitate travel of another person with a view to exploitation
03610,3610.0,Commit offence other than kidnapping or false imprisonment with intention of arranging travel with view to exploitation
03611,3611.0,Commit offence of kidnapping or false imprisonment with intention of arranging travel with view to exploitation
03612,3612.0,Do act prohibited by slavery and trafficking risk or prevention order
03613,3613.0,Fail to comply with requirement to surrender passport under Modern Slavery Act 2015
03614,3614.0,Fail to comply with requirement to provide name and address under Modern Slavery Act 2015
03700,3700.0,Aggravated Taking of a Vehicle    [Use this code only if you are unable to determine which subcoded Offence applies]
03701,3701.0,"Aggravated Taking of a Vehicle: Where, owing to the driving of the vehicle, an accident occurs causing the death of any person"
03702,3702.0,"Aggravated Taking of a Vehicle: Where the vehicle was driven dangerously, where injury to any person or damage to any property was caused, or damage was caused to the vehicle"
03800,3800.0,Money Laundering offences (not drugs)    [Use this code only if you are unable to determine which subcoded Offence applies]
03801,3801.0,Concealing or transferring proceeds of criminal conduct
03802,3802.0,"Arrangements - being concerned in arrangement, knowing or suspecting, facilitating acquisition, retention, use or control of criminal property by or on behalf of another person"
03803,3803.0,"Acquisition, use & possession - criminal property"
03804,3804.0,Failure to disclose; another person involved in money laundering - regulated sector
03805,3805.0,Failure to disclose; another person involved in money laundering - nominated officers in the regulated sector
03806,3806.0,Failure to disclose; another person involved in money laundering - other nominated officers in the regulated sector
03807,3807.0,Tipping off - suspects a disclosure has been made; makes a disclosure likely to prejudice an investigation. Tipping off – regulated sector – disclosure of S.21D(2) matters or that investigations into allegation of offence committed is being considered
03808,3808.0,Money Laundering offences - Nominated officer; must not give consent to the doing of a prohibited act
03809,3809.0,Money Laundering Regulations 2007
03900,3900.0,Stealing from the person of another
04000,4000.0,Stealing in a dwelling other than from automatic machines and meters
04100,4100.0,Stealing by an employee
04200,4200.0,Stealing mail bags or postal packets or unlawfully taking away or opening mail bag
04300,4300.0,Abstracting electricity
04400,4400.0,Stealing pedal cycles
04500,4500.0,Stealing from vehicles    [Use this code only if you are unable to determine which subcoded Offence applies]
04510,4510.0,Stealing from vehicles: From motor vehicles
04511,4511.0,Stealing from vehicles: From other vehicles
04600,4600.0,Stealing from shops and stalls (shoplifting)
04700,4700.0,Stealing from automatic machines and meters
04800,4800.0,Stealing and unauthorised taking of motor vehicles    [Use this code only if you are unable to determine which subcoded Offence applies]
04801,4801.0,Stealing motor vehicle
04900,4900.0,Other stealing and unauthorised taking    [Use this code only if you are unable to determine which subcoded Offence applies]
04901,4901.0,Simple larceny (offences not included in headings 44 to 48) (1963-68)
04910,4910.0,Offences under the Theft Act 1968 S.1 not classified elsewhere
04911,4911.0,Removal of articles on show from places open to the public
04912,4912.0,Stealing conveyance other than motor vehicle or pedal cycle
05000,5000.0,Obtaining goods by false pretences
05100,5100.0,Frauds by company directors etc    [Use this code only if you are unable to determine which subcoded Offence applies]
05101,5101.0,False statements by company directors etc. (under Theft Act 1968 S.19)
05102,5102.0,Frauds by company directors other than sub-classification 1
05103,5103.0,Frauds by company directors other than 51/01 (under Companies Act 1985 S.458; Financial Services Act 1986 S.200(1))
05104,5104.0,Give false information knowingly or recklessly when applying for a Confidentiality Order or for providing confidential information in breach of Regulations made under S.723C - Companies Act 1985
05105,5105.0,Knowingly or recklessly making false or misleading statement in S.116 request to inspect or copy register - Companies Act 2006
05106,5106.0,Carrying on business of company with intent to defraud creditors or for other fraudulent purpose
05200,5200.0,False accounting    [Use this code only if you are unable to determine which subcoded Offence applies]
05201,5201.0,False accounting
05202,5202.0,Failing to keep proper accounting records
05203,5203.0,Authorising failure to keep proper accounting records
05204,5204.0,Permitting failure to keep proper accounts
05205,5205.0,Failing to secure preservation of accounting records
05206,5206.0,Failing to keep accounting records open to inspection.
05207,5207.0,Failure to comply with provisions of S.386 re keeping of accounting records
05208,5208.0,Failure to comply with requirements of S.388 about place of keeping of accounting records and accuracy
05209,5209.0,Failure to comply with S.414 requirements concerning approval and signing of accounts
05210,5210.0,Failure to comply with requirements concerning approval and signing of abbreviated accounts
05211,5211,Failure to provide up-to-date information on People with Significant Control (PSC) register
05212,5212,Offences in connection with request for or disclosure of information from People with Significant Control (PSC) register
05300,5300.0,Other Frauds    [Use this code only if you are unable to determine which subcoded Offence applies]
05301,5301.0,Obtaining property by deception
05302,5302.0,Obtaining pecuniary advantage by deception (except railway frauds)
05304,5304.0,Conspiracy to defraud
05305,5305.0,Purporting to act as a spiritualistic medium for reward
05306,5306.0,Taking marks from public stores
05308,5308.0,Fraudulent issue of money orders by Post Office servant
05310,5310.0,"Fraudulently retaining, secreting etc. postal packet or mail bag"
05311,5311.0,"Fraudulently printing, mutilating or re-issuing stamps"
05313,5313.0,Frauds by farmers in connection with agricultural charges
05314,5314.0,Cheating at play etc.
05315,5315.0,"Dishonestly destroying, defacing or concealing a document"
05316,5316.0,Dishonestly procuring execution of a document
05320,5320.0,Railway frauds
05321,5321.0,Frauds in connection with sale of land etc. Law of Property Act 1925 S.183
05322,5322.0,Frauds in connection with sale of land etc. Land Registration Act 1925 SS.115-117
05323,5323.0,Obtaining services by deception (except railway frauds)
05324,5324.0,Evasion of liability by deception (except railway frauds)
05325,5325.0,Making off without payment
05326,5326.0,Assisting another to retain the benefit of criminal conduct
05327,5327.0,"Acquisition, possession or use of proceeds of criminal conduct"
05328,5328.0,Concealing or transferring proceeds of criminal conduct
05329,5329.0,Disclosure of information likely to prejudice a investigation. (Tipping off)
05330,5330.0,Insider dealing
05331,5331.0,Obtaining a money transfer by deception
05332,5332.0,Dishonestly retaining a wrongful credit
05333,5333.0,Dishonest representation for obtaining benefit etc.
05334,5334.0,Unauthorised access with intent to commit or facilitate commission of further offences
05335,5335.0,"Unauthorised acts with intent to impair, or with recklessness as to impairing, operation of computer, etc"
05336,5336.0,Knowingly concerned in fraudulent evasion of contributions
05337,5337.0,Cartel offences
05338,5338.0,Corrupt transactions with agents
05339,5339.0,Obtaining an award or a sum by deliberately committing an act or making an omission
05340,5340.0,Dishonestly making a false representation to make a gain for oneself or another or to cause loss to another or to expose another to a risk
05341,5341.0,Dishonestly failing to disclose information to make a gain for oneself or another or to cause loss to another or to expose another to a risk
05342,5342.0,Committing fraud by dishonestly abusing one's position
05343,5343.0,Possession etc. of articles for use in frauds
05344,5344.0,"Making, adapting, supplying or offering to supply any article knowing that it is designed or adapted for use in the course of or in connection with fraud, or intending it to be used to commit or facilitate fraud"
05345,5345.0,Participating in fraudulent business carried on by sole trader
05346,5346.0,"By any dishonest act obtaining services for which payment is required, with intent to avoid payment including attaching a decoder to a television to enable viewing access to cable or satellite television channels for which there is no intention of paying"
05352,5352.0,In the course or registration proceedings suppressing information with intention of concealing a person's right or claim or substantiating a false claim
05353,5353.0,Inducing another to change the register of title or cautions register or to authorise the making of such a change
05354,5354.0,Unauthorised access to computer material
05355,5355.0,"Making, supplying or obtaining articles for use in offence under SS.1 or 3 - Computer Misuse Act 1990 as amended by Police and Justice Act 2006 S.3A"
05356,5356.0,Acting with intent to prejudice Her Majesty and the Public Revenue with intent to defraud Her Majesty. Making false statements with intent to prejudice Her Majesty and the Public Revenue with intent to defraud Her Majesty. Cheating the public revenue
05357,5357.0,Dishonestly sub-let / part with possession of dwelling-house let under secure or an assured tenancy in breach of a term of the tenancy
05358,5358.0,Knowingly make a statement which was false misleading in a material particular (Reclassified)
05359,5359.0,Withhold information to obtain insurance. (Reclassified)
05399,5399.0,Other frauds (specify Offence and Act and Section (or Common Law) under which proceedings were taken)
05400,5400.0,Handling stolen goods    [Use this code only if you are unable to determine which subcoded Offence applies]
05401,5401.0,Receiving stolen goods
05402,5402.0,"Undertaking or assisting in the retention, removal, disposal or realisation of stolen goods, or arranging to do so"
05500,5500.0,Bankruptcy and Insolvency    [Use this code only if you are unable to determine which subcoded Offence applies]
05501,5501.0,Offences in relation to bankruptcy and Insolvency. TEW offences under Insolvency Act 1986
05502,5502.0,Contravening company director's disqualification order
05503,5503.0,Disqualified person managing company
05504,5504.0,Undischarged bankrupt acting as a director
05505,5505.0,Undischarged bankrupt taking part in or being concerned in the promotion formation or management of a company
05506,5506.0,Making false representations or omissions in connection with (application for) debt relief order
05507,5507.0,Fail to comply with duty in connection with (application for) a debt relief order
05508,5508.0,Failure to deliver records in connection with debt relief order
05509,5509.0,Subject of a debt relief order fraudulently dispose of property
05510,5510.0,Subject of debt relief order disposing of property not paid for by them or obtaining property in respect of which money is owed
05511,5511.0,Person in respect of whom a debt relief order is made obtaining credit or engaging in business without disclosing status or name
05512,5512.0,Making a false representation fraudulently or doing or omitting to do a thing for the purpose of obtaining approval of creditors
05600,5600.0,Arson    [Use this code only if you are unable to determine which subcoded Offence applies]
05601,5601.0,Arson endangering life
05602,5602.0,Arson not endangering life
05700,5700.0,Unlawfully and maliciously causing explosion likely to endanger life or property. Conspiring to cause explosion likely to endanger life or property
05702,5702.0,Racially-aggravated criminal damage
05711,5711.0,Criminal damage endangering life (excluding arson) - ship
05712,5712.0,Criminal damage endangering life (excluding arson) - railway
05713,5713.0,Criminal damage endangering life (excluding arson) - aircraft
05714,5714.0,Criminal damage endangering life (excluding arson) - motor vehicle
05715,5715.0,Criminal damage endangering life (excluding arson) - dwelling
05716,5716.0,Criminal damage endangering life (excluding arson) - other building
05717,5717.0,Criminal damage endangering life (excluding arson) - other
05722,5722.0,Criminal damage endangering life (excluding arson) - railway
05728,5728.0,Criminal damage endangering life (excluding arson) - telegraph
05800,5800.0,Other criminal damage
05801,5801.0,Other criminal damage - may be racially aggravated in recent years
05802,5802.0,Religiously aggravated other criminal damage
05803,5803.0,Racially or religiously aggravated other criminal damage
05804,5804.0,Racially or religiously aggravated criminal damage
05805,5805.0,Destroy property (value of damage £5000 or less - offence against Criminal Damage Act 1971 only) Reclassified
05900,5900.0,Threat and possession with intent to commit criminal damage    [Use this code only if you are unable to determine which subcoded Offence applies]
05911,5911.0,Threat
05912,5912.0,Possession with intent; Offences against the Person Act 1861 S.64. Possessing or making explosive substance with intent to endanger property
05913,5913.0,Possessing anything with intent to destroy or damage property
05914,5914.0,Manufacture or possession of explosives under suspicious circumstances
05915,5915.0,"Possessing or making an explosive substance, a noxious or dangerous thing, a machine, engine or instrument with intent to commit an offence under Offences against the Person Act 1861"
06000,6000.0,Forgery etc. of prescription (in respect of drugs listed in Schedule 2 of the Misuse of Drugs Act 1971)    [Use this code only if you are unable to determine which subcoded Offence applies]
06021,6021.0,Forgery etc. of prescription - Forgery or copying false instrument
06022,6022.0,Forgery etc. of prescription - Using a false instrument or a copy of a false instrument
06023,6023.0,Forgery and uttering prescription (in respect of scheduled drugs)
06100,6100.0,Other Forgery etc.    [Use this code only if you are unable to determine which subcoded Offence applies]
06121,6121.0,Other Forgery etc - Forgery or copying false instrument
06122,6122.0,Other Forgery etc. - Using a false instrument or a copy of a false instrument
06123,6123.0,Possessing false instrument or materials to make false instrument
06124,6124.0,Making counterfeit coin or note
06125,6125.0,Passing etc counterfeit coin or note as genuine
06126,6126.0,Possessing counterfeit coin or note
06127,6127.0,Possessing materials or dies to make counterfeit coin or note
06128,6128.0,Reproducing British currency note or making imitation British coins
06129,6129.0,Melting down or breaking up metal coin without licence
06130,6130.0,"In the course of a trade or business: (a) applying to an unhallmarked article a description indicating that it is wholly or partly made of gold, silver or platinum, or (b) supplying or offering to supply an unhallmarked article to which such a description is applied, or (c) without authority striking an article with a mark purporting to be a sponsor's mark authorised under this section, or (d) false statement in furnishing information to an assay office for purposes of sub-section (2) (Article made in UK etc), or (e) making an addition, alteration or repair to an article bearing approved hallmarks, without written consent of any assay office, or (f) removing, altering or effacing any mark struck on an article, without written consent of an assay office, or (g) knowingly supplying etc. any article bearing any mark of the character of a hallmark and which under sub-section (1) of this section may, if the article is in the possession of an assay office, be cancelled, obliterated or defaced etc"
06131,6131.0,"In the course of a trade or business: (a) With intent to defraud or deceive making a counterfeit of any die or mark, or (b) removing any mark from an article of precious metal etc., or (c) Uttering any counterfeit of a die or any article bearing a counterfeit of a mark (d) Having in custody etc. a counterfeit of a die or article (whether of precious metal or not) which bears a counterfeit of any mark"
06132,6132.0,Failure to withdraw from circulation a Euro note or coin which is believed to be counterfeit
06133,6133.0,Failure to hand over a Euro note or coin received believing it to be counterfeit.
06134,6134.0,With intent knowingly possessing false or improperly obtained passport or another ID document
06135,6135.0,With intent make or possess or have under your control apparatus or article or material designed or adapted for making false ID documents
06136,6136.0,Possess or control a false or improperly obtained ID card or which relates to another or apparatus etc for making ID documents
06137,6137.0,Tampering with a register etc
06138,6138.0,Possessing or controlling identity documents with intent
06139,6139.0,"Making, possessing or controlling apparatus or article or material designed or adapted for making false identity documents"
06140,6140.0,Possessing or controlling a false or improperly obtained or another person's identity document
06141,6141.0,Importation or exportation of false identity documents
06200,6200.0,High treason and other offences against Treason Acts
06300,6300.0,Treason Felony
06400,6400.0,Riot    [Use this code only if you are unable to determine which subcoded Offence applies]
06401,6401.0,Riot
06402,6402.0,Preventing reading of proclamation and rioting after proclamation
06500,6500.0,Violent Disorder
06600,6600.0,Other offences against the State and Public Order    [Use this code only if you are unable to determine which subcoded Offence applies]
06601,6601.0,Affray
06602,6602.0,Contempt of court
06603,6603.0,Placing or despatching articles to cause bomb hoax
06604,6604.0,Communicating false information alleging the presence of bombs
06605,6605.0,"Admitting spectators to, or allowing spectators to remain on unlicensed premises"
06606,6606.0,Threats of attack on United Nations workers
06607,6607.0,Providing funding or financial assistance for designated person or avoiding prohibition thereof
06608,6608.0,Breach of Sexual Offences Prevention Order (SOPO) and Interim SOPO; Breach of Sex Offender Order and Interim Sex Offender Order
06609,6609.0,Racially aggravated fear or provocation of violence
06610,6610.0,Religiously aggravated fear or provocation of violence.
06611,6611.0,Prohibition of disclosures relating to nuclear security
06612,6612.0,Prohibition of disclosures of uranium enrichment technology
06613,6613.0,Failure to disclose knowledge gained in the course of business in a regulated sector
06614,6614.0,Failure to disclose information about acts of terrorism
06615,6615.0,Hoaxes involving noxious substances or things
06616,6616.0,Racially or religiously aggravated fear or provocation of violence
06617,6617.0,Failure to comply with initial notification requirements as provided by Section 83(1) or regulations made under Section 86(1) Sexual Offences Act 2003
06618,6618.0,Knowingly notifying police with false information in purported compliance with Section 83(1) or Regulations made under Section 86(1) Sexual Offences Act 2003
06619,6619.0,Breach of Risk of Sexual Harm Order (RSHO) or interim RSHO
06620,6620.0,Breach of Foreign Travel Order
06621,6621.0,Committing an act outraging public decency
06622,6622.0,Public Nuisance
06623,6623.0,Use of words or behaviour or display of written material intended or likely to stir up racial hatred
06624,6624.0,Publishing or distributing written material intended or likely to stir up racial hatred
06625,6625.0,Public performance of play intended or likely to stir up racial hatred
06626,6626.0,"Distribution, showing or playing a recording intended or likely to stir up racial hatred"
06627,6627.0,Broadcasting or including a programme service likely to stir up racial hatred
06628,6628.0,Possession of a racially inflammatory piece of material
06629,6629.0,"Unauthorised use of uniforms; falsification of reports, forgery, personation, and false documents. Interfering with officers of the police or members of His Majesty’s forces. Duty of giving information as to commission of offences."
06630,6630.0,Committing an act prejudicial to the safety or the interest of the State
06631,6631.0,Knowingly harbouring spy
06632,6632.0,Serving or former member of Security or inteligence Services disclosing information relating to security or intelligence. Person notified as subject to security or intelligence provisions unlawfully disclosing secret
06633,6633.0,Former or current Crown Servant or Government Contractor making damaging disclosure relating to security or intelligence
06634,6634.0,Former or current Crown Servant or Government Contractor making damaging disclosure relating to defence matter
06635,6635.0,Former or current Crown Servant or Government Contractor making damaging disclosure of confidential matter from Foreign State or relating to international relations
06636,6636.0,"Former or current Crown Servant or Government Contractor disclosing information resulting in commission of offence, facilitating escape from custody, facilitating act predudicial to safekeeping of person in custody, impeding prevention or detection of offence or apprehension or prosecution of suspected offender etc."
06637,6637.0,"Making damaging disclosure of protected information, Disclosing information gained in contravention of S.1 of Official Secrets Act 1911"
06638,6638.0,"Breach of a Restraining Order issued on acquittal (Protection from Harassment Act 1997/Domestic Violence, Crime and Victims Act 2004"
06639,6639.0,Breach of a Non-Molestation Order
06640,6640.0,Breach of an obligation imposed by a control order
06641,6641.0,"Failure to report to a specified person when first returning to the UK as required by the terms of a control order, when the order has ceased to have effect"
06642,6642.0,Interference with contractual relationships so as to harm animal research organisations
06643,6643.0,Intimidation of persons connected with animal research organisations
06644,6644.0,Compelling by threatening to destroy or damage ship or sea platform or property used in navigation
06645,6645.0,Using words or behaviour or display of written material (acts intended to stir up religious hatred)
06646,6646.0,Publishing or distributing written material (acts intended to stir up religious hatred)
06647,6647.0,Public performance of a play (acts intended to stir up religious hatred)
06648,6648.0,"Distributing, showing or playing a recording (acts intended to stir up religious hatred)"
06649,6649.0,Provider of programme broadcasting or including programme in programme service (acts intended to stir up religious hatred)
06650,6650.0,Producer or Directorate of programme broadcasting or including programme in programme service (acts intended to stir up religious hatred)
06651,6651.0,Person using offending words or behaviour - broadcasting or including programme in programme service (Acts intended to stir up religious hatred)
06652,6652.0,Possessing inflammatory material (acts intended to stir up religious hatred)
06653,6653.0,Publishing or causing another to publish a statement intending or recklessly encouraging terrorism
06654,6654.0,Distributing or circulating a terrorist publication
06655,6655.0,"Giving, selling, lending or offering for sale or for loan a terrorist publication"
06656,6656.0,Providing service about reading or listening to a terrorist publication
06657,6657.0,Transmitting contents of a terrorist publication
06658,6658.0,"Possessing terrorist publication with view to distribution, sale, loan, reading, listening to, being seen etc"
06659,6659.0,With intent engaging in preparation to commit act of terrorism or to assist another
06660,6660.0,Providing instruction or training for terrorism
06661,6661.0,Receiving instruction or training for terrorism
06662,6662.0,Attending any place in UK or elsewhere for instruction or training in terrorism
06664,6664.0,Possessing radioactive material with intent using it in commission or preparation for terrorism
06665,6665.0,Using radioactive device or material in the course of or in connection with commission of or for the purposes of terrorism
06666,6666.0,In course of or in connection with commission of or for the purposes of terrorism using or damaging nuclear facility to cause release or risk of release of radioactive material
06667,6667.0,Terrorist making demand relating to devices or materials or facilities
06668,6668.0,Terrorist making threat to use radioactive device or material
06669,6669.0,Making or possessing radioactive device with intent use it in commission of or preparation for terrorism
06670,6670.0,Contravening prohibition on disclosure of information
06671,6671.0,Contravening prohibition on dealing with funds or economic resources
06672,6672.0,Contravening prohibition on making available funds or economic resources
06673,6673.0,Knowingly and intentionally participating in activities to circumvent an Article 7 or 8 prohibition
06674,6674.0,Failing to comply with a condition attached to an Article 7 or 9 exemption licence
06675,6675.0,Knowingly or recklessly giving any information or producing any document which is false in a material particular to Treasury
06676,6676.0,"With intent to evade provisions of Schedule 1, destroying, mutilating, defacing, concealing or removing any document"
06677,6677.0,Disclosing without lawful authority confidential information provided by the Treasury
06678,6678.0,Not under authority of a licence dealing with funds or economic resources belonging to or owned or held by an A.7(2) person
06679,6679.0,"Making funds, economic resources or financial services available directly to or indirectly to or for the benefit of A.7(2) person"
06680,6680.0,Participating in activity with object or effect to circumvent A.7(1) or 8(1) prohibition; enabling or facilitating A.7 or 8 offence
06681,6681.0,Making a statement or furnishing a document or information which is false in a material particular to obtain a Treasury licence
06682,6682.0,"Giving false information or documents or destroying, mutilating etc documents"
06683,6683.0,"Notifying false information to police in purported compliance with SS.108, 109, 110 or regulations under S.111 - Criminal Justice and Immigration Act 2008"
06684,6684.0,Failure to comply with prohibition or restriction or condition contained in a Violent Offender Order or interim order
06685,6685.0,Failure to comply with notification requirements of S.108(1) - Criminal Justice and Immigration Act 2008
06686,6686.0,Failure to comply with requirements re notification of changes under S.109(1) or (6)(b) - Criminal Justice and Immigration Act 2008
06687,6687.0,Failure to comply with the requirements of periodic notifications under S.110(1) - Criminal Justice and Immigration Act 2008
06688,6688.0,Failure to permit the taking of fingerprints and / or photographs as required by S.112(4) - Criminal Justice and Immigration Act 2008
06689,6689.0,Making damaging disclosure of information entrusted to other State or organisation.
06690,6690.0,Failure to comply with any regulation made under S.111 - Criminal Justice and Immigration Act 2008
06691,6691.0,Racially or religiously aggravated fear or provocation of violence - words or writing
06692,6692.0,Offences in relation to notification requirements - Counter-Terrorism Act 2008
06693,6693.0,Breach of foreign travel restriction order - Counter-Terrorism Act 2008
06694,6694.0,Failure to comply with a Serious Crime Prevention Order
06695,6695.0,Disclosing information which can be used to gain access to protected information
06696,6696.0,Contravening a measure specified in a Terrorism Prevention and Investigation Measures Order
06697,6697.0,Breach Forced Marriage Protection Order
06698,6698.0,Breach Criminal Behaviour Order
06699,6699.0,"Other offences (specify Offence, Act and Section [or Common Law] under which proceedings were taken). Eliciting publishing or communicating information about members of armed forces etc"
06700,6700.0,Perjury    [Use this code only if you are unable to determine which subcoded Offence applies]
06701,6701.0,Perjury and false statements (also false declarations and representations made punishable by any statute)
06702,6702.0,Perjury and false statements (also false declarations and representations made punishable by any statute)
06800,6800.0,Libel
06801,6801.0,Participate in the criminal activities of an organised crime group
06802,6802.0,Unauthorised act in relation to a computer causing / creating risk of serious damage
06803,6803.0,Unauthorised act in relation to a computer causing / creating risk of serious damage to human welfare/national security
06804,6804.0,Breach a Female Genital Mutilation protection order
06805,6805.0,Corrupt / improper exercise of police powers and privileges by a constable
06806,6806.0,Care provider fail to comply with a remedial / publicity order
06807,6807.0,Fail to comply with a requirement under section 122C(4) in relation to a sexual risk order
06808,6808.0,Breach of a Sexual Harm Prevention Order (SHPO); fail to comply with a requirement under section 103D(4) in relation to a SHPO
06809,6809.0,Returns to UK in contravention of temporary exclusion order
06810,6810.0,Fail to comply with obligation after return to the UK imposed under section 9
06811,6811.0,Fail to give permission for a laboratory test on a blood specimen having caused death (Reclassified)
06812,6812.0,Care provider supply / publish / make available information which was false or misleading in material respect
06813,6813.0,Obstruct/ disrupt person engaged in lawful activity / seek to intimidate someone in order to disrupt lawful activity (Reclassified)
06815,6815.0,Supply/import/acquire regulated substance to member of public without  licence / recognised non-GB licence
06816,6816.0,Fail to notify police of notification requirements within 3 days of service of stalking order / interim stalking order
06900,6900.0,Offences under the Prison Act 1952    [Use this code only if you are unable to determine which subcoded Offence applies]
06901,6901.0,Assisting a prisoner to escape
06902,6902.0,Conveyance etc. of List A articles into or out of prison
06903,6903.0,Conveyance etc. of List B articles into or out of prison
06904,6904.0,Other offences relating to prison security
06905,6905.0,Without authority possess inside a prison an item specified in s.40D(3B) - Prisons Act 1952
06906,6906.0,Possess weapon in prison
06907,6907.0,Throw article / substance into prison
07000,7000.0,Sexual activity etc. with a person with a mental disorder or learning disability    [Use this code only if you are unable to determine which subcoded Offence applies]
07001,7001.0,Sexual activity with a male person with a mental disorder impeding choice - penetration
07002,7002.0,Sexual activity with a female person with a mental disorder impeding choice - penetration
07003,7003.0,Sexual activity with a male person with a mental disorder impeding choice - no penetration
07004,7004.0,Sexual activity with a female person with a mental disorder impeding choice - no penetration
07005,7005.0,Causing or inciting a male person with a mental disorder impeding choice to engage in sexual activity - penetration
07006,7006.0,Causing or inciting a female person with a mental disorder impeding choice to engage in sexual activity - penetration
07007,7007.0,Causing or inciting a male person with a mental disorder impeding choice to engage in sexual activity - no penetration
07008,7008.0,Causing or inciting a female person with a mental disorder impeding choice to engage in sexual activity - no penetration
07009,7009.0,Engaging in sexual activity in the presence of a person with a mental disorder impeding choice
07010,7010.0,Causing a person with a mental disorder impeding choice to watch a sexual act
07011,7011.0,"Inducement, threat or deception to procure sexual activity with a person with a mental disorder - penetration"
07012,7012.0,"Inducement, threat or deception to procure sexual activity with a person with a mental disorder - no penetration"
07013,7013.0,"Causing a person with a mental disorder to engage in sexual activity by inducement, threat or deception - penetration"
07014,7014.0,"Causing a person with a mental disorder to engage in sexual activity by inducement, threat or deception - no penetration"
07015,7015.0,"Engaging in sexual activity in the presence, procured by inducement, threat or deception, of a person with a mental disorder"
07016,7016.0,"Causing a person with a mental disorder to watch a sexual act by inducement, threat or deception"
07017,7017.0,Care workers: Sexual activity with a male person with a mental disorder - penetration
07018,7018.0,Care workers: Sexual activity with a female person with a mental disorder - penetration
07019,7019.0,Care workers: Sexual activity with a male person with a mental disorder - no penetration
07020,7020.0,Care workers: Sexual activity with a female person with a mental disorder - no penetration
07021,7021.0,Care workers: causing or inciting sexual activity (person with a mental disorder) - penetration
07022,7022.0,Care workers: causing or inciting sexual activity (person with a mental disorder) - no penetration
07023,7023.0,Care workers: sexual activity in the presence of a person with a mental disorder
07024,7024.0,Care workers: causing a person with a mental disorder impeding choice to watch a sexual act
07100,7100.0,Abuse of children through prostitution and pornography (child prostitution & pornography)    [Use this code only if you are unable to determine which subcoded Offence applies]
07101,7101.0,Arranging or facilitating the commission of a child sex offence
07102,7102.0,Paying for sex with a female child under 13 - penetration
07103,7103.0,Paying for sex with a male child under 13 - penetration
07104,7104.0,Paying for sex with a female child under 16 - no penetration
07105,7105.0,Paying for sex with a male child under 16 - no penetration
07106,7106.0,Paying for sex with a female child aged 16 or 17
07107,7107.0,Paying for sex with a male child aged 16 or 17
07108,7108.0,Causing or inciting child prostitution or pornography - child aged 13-17
07109,7109.0,Controlling a child prostitute or a child involved in pornography - child aged 13-17
07110,7110.0,Arranging or facilitating child prostitution or pornography - child aged 13-17
07111,7111.0,Causing or inciting child prostitution or pornography - child under 13
07112,7112.0,Controlling a child prostitute or a child involved in pornography - child under 13
07113,7113.0,Arranging or facilitating child prostitution or pornography - child under 13
07114,7114.0,Paying for sex with a female child aged under 16 - penetration
07115,7115.0,Paying for sex with a male child aged under 16 - penetration
07116,7116.0,Possess a paedophile manual
07117,7117.0,Engage in sexual communuication with a child
07200,7200.0,Trafficking for sexual exploitation     [Use this code only if you are unable to determine which subcoded Offence applies]
07201,7201.0,Arranging or facilitating arrival of a person into the UK for sexual exploitation (trafficking)
07202,7202.0,Arranging or facilitating travel of a person within the UK for sexual exploitation (trafficking)
07203,7203.0,Arranging or facilitating departure of a person from the UK for sexual exploitation (trafficking)
07204,7204.0,Trafficking for sexual exploitation - Intentionally arrange / facilitate the arrival in / entry into the UK / another country of a person with a view to their sexual exploitation
07205,7205.0,Trafficking for sexual exploitation - Intentionally arrange / facilitate travel of a person w/i the UK / another country with a view to their sexual exploitation
07206,7206.0,Trafficking for sexual exploitation - Intentionally arrange / facilitate the departure of a person from the UK / another country with a view to their sexual exploitation
07300,7300.0,Abuse of Trust- Sexual Offences    [Use this code only if you are unable to determine which subcoded Offence applies]
07301,7301.0,Abuse of position of trust - Sexual intercourse
07302,7302.0,Abuse of position of Trust - Sexual activity other than intercourse
07303,7303.0,Failure to notify police of name or names
07304,7304.0,Failure to notify police of home address
07305,7305.0,Notifying police with false information as to name or names
07306,7306.0,Notifying police with false information as to home address
07307,7307.0,Abuse of a position of trust: sexual activity with a female child (offender aged 18 or over and victim aged 13 - 17)
07308,7308.0,Abuse of a position of trust: sexual activity with a male child (offender aged 18 or over and victim aged 13 - 17)
07309,7309.0,Abuse of a position of trust: causing or inciting a female child to engage in sexual activity (offender aged 18 or over and victim aged 13 - 17)
07310,7310.0,Abuse of a position of trust: causing or inciting a male child to engage in sexual activity (offender aged 18 or over and victim aged 13 - 17)
07311,7311.0,Abuse of a position of trust: sexual activity in the presence of a child (offender aged 18 or over and victim aged 13 - 17)
07312,7312.0,Abuse of a position of trust: causing a child to watch a sexual act (offender aged 18 or over and victim aged 13 - 17)
07313,7313.0,Abuse of a position of trust: sexual activity with a female child (offender aged 18 or over and victim aged under 13)
07314,7314.0,Abuse of a position of trust: sexual activity with a male child (offender aged 18 or over and victim aged under 13)
07315,7315.0,Abuse of a position of trust: causing or inciting a female child to engage in sexual activity (offender aged 18 or over and victim aged under 13)
07316,7316.0,Abuse of a position of trust: causing or inciting a male child to engage in sexual activity (offender aged 18 or over and victim aged under 13)
07317,7317.0,Abuse of a position of trust: sexual activity in the presence of a child (offender aged 18 or over and victim aged under 13)
07318,7318.0,Abuse of a position of trust: causing a child to watch a sexual act (offender aged 18 or over and victim aged under 13)
07400,7400.0,Gross Indecency with children    [Use this code only if you are unable to determine which subcoded Offence applies]
07401,7401.0,Gross Indecency with children: With boys
07402,7402.0,Gross Indecency with children: With girls
07500,7500.0,"Betting, Gaming and Lotteries    [Use this code only if you are unable to determine which subcoded Offence applies]"
07501,7501.0,"Permitting unlicensed premises to be used, etc, for betting (pool betting etc) (30.6.64-1969)"
07502,7502.0,Accepting bets whilst not being the holder of a permit
07512,7512.0,Restriction of pool betting
07513,7513.0,Restriction of betting on tracks
07515,7515.0,Totalisator on licensed tracks
07519,7519.0,Totalisator operator contravening provisions of Schedule 5 other than paragraph 11(2)
07521,7521.0,Permitting unlicensed premises to be used for pool betting
07522,7522.0,Permitting unlicensed premises to be used etc. for other betting
07523,7523.0,Failing to comply with any term or condition attached to a licence
07524,7524.0,Knowingly or recklessly supplying or making available false information
07531,7531.0,Breach of conditions at non-commercial amusements
07532,7532.0,Breach of conditions at commercial amusements
07533,7533.0,In connection with betting and lotteries
07534,7534.0,Use of machines at non-commercial entertainments - Section 33
07535,7535.0,Other uses of machines for amusement purposes - Section 34
07539,7539.0,Cheating at gambling or enabling or assisting person to cheat
07540,7540.0,Unlawful gaming - charge made. Levy on stakes or winnings
07541,7541.0,Gaming (a) when not present on premises or (b) on behalf of another person not present on the premises
07542,7542.0,"Non-member, holder of licence participating in gaming"
07543,7543.0,Club or miners' welfare institute registered under this part of this Act. Non-member etc participating in gaming.(Not bona fide guest if payment made to obtain access)
07544,7544.0,Where one or more of the conditions specified in Section 2(1) are fulfilled. Restrictions on games to be played - Regulations
07545,7545.0,Charges for taking part in gaming - Regulations. Particulars of charges to be displayed on premises have not less than 14 days before which charge is made been notified to the licensing authority etc.
07546,7546.0,Levy on stake or winnings - Regulations
07547,7547.0,Provision of credit for gaming
07548,7548.0,Exclusion of person under 18 years of age
07549,7549.0,Gaming on Sunday between prohibited hours
07550,7550.0,Performing function at gaming without certificate issued by the Gaming Board
07551,7551.0,Bingo Clubs - special provisions
07552,7552.0,Breach of regulations of licensed club premises imposing prohibitions or restrictions for preventing contraventions
07553,7553.0,Breach of regulations relating to hours during which gaming is permitted
07554,7554.0,Contravention of restrictions imposed by licensing authority under provisions of paragraph 24 of Schedule 2 - permitted hours of gaming
07555,7555.0,"Contravention of restrictions imposed by licensing authority under provisions of paras.25 and 11, Sch.2 or 3 - limitation of gaming to part(s) of premises, kind of game(s), use of premises other than for gaming"
07556,7556.0,Restrictions on sale or maintenance of machines (S.27); Restrictions as to terms and conditions (S.28); Contravention of provisions of Section 35
07557,7557.0,Use of machines by virtue of licence or registration
07558,7558.0,Gaming at entertainment not held for private gain
07559,7559.0,Restrictions on advertisements relating to gaming
07560,7560.0,Contravention of the regulations as to the promotion of lotteries that form part of the National Lottery
07561,7561.0,False representations as to the National Lottery
07562,7562.0,Wrongful disclosure of information received from HMRC relating to an identifiable person
07600,7600.0,"Suicide (aiding, abetting etc)"
07601,7601.0,Intentionally doing an act capable of encouraging or assisting the suicide or attempted suicide of another
07700,7700.0,Misuse of Drugs    [Use this code only if you are unable to determine which subcoded Offence applies]
07750,7750.0,Manufacturing a scheduled substance
07751,7751.0,Supplying a scheduled substance to another person
07752,7752.0,"Failure to comply with regulations made by the Secretary of State as regards documentation, record keeping, labelling etc."
07753,7753.0,Having a controlled drug in possession on a ship - Class A drug
07754,7754.0,Having a controlled drug in possession on a ship - Class B drug
07755,7755.0,Having a controlled drug in possession on a ship - Class C drug
07756,7756.0,Being knowingly concerned in the carrying or concealing of a controlled drug on a ship - Class A drug
07757,7757.0,Being knowingly concerned in the carrying or concealing of a controlled drug on a ship - Class B drug
07758,7758.0,Being knowingly concerned in the carrying or concealing of a controlled drug on a ship - Class C drug
07759,7759.0,Having a controlled drug in possession on a ship - Class unspecified
07760,7760.0,Being knowingly concerned in the carrying or concealing of a controlled drug on a ship - Class unspecified
07761,7761.0,Operator failing to comply with requirements imposed by Article 3 of Community Regulation (EC) No 273/2004
07762,7762.0,Operator failing to comply with requirements imposed by R.6 - EXPORTS - Controlled Drugs (Drug Precursors) (Community External Trade) Regulations 2008
07763,7763.0,Operator failing to comply with requirements imposed by R7 - IMPORTS - Controlled Drugs (Drug Precursors) (Community External Trade) Regulations 2008
07764,7764.0,Operator failing to comply with requirements imposed by Article 6 or 7 of Community Regulation (EC) No 111/2005 - licensing and registration of operators
07765,7765.0,Possess a drug the subject of a Temporary Class Order on board a ship
07800,7800.0,Immigration Acts    [Use this code only if you are unable to determine which subcoded Offence applies]
07801,7801.0,Knowingly facilitating or assisting the entry of an illegal entrant
07803,7803.0,Immigration Act 1971 Sec. 25  1C as Added by the asylum & Immigration Act 1996 S.5  (IM marker)
07804,7804.0,"Non-British citizen, by means including deception, obtaining or seeking leave to enter or remain in the UK or postponement, avoidance or revocation of enforcement action against him"
07805,7805.0,Providing immigration advice or services in contravention of Section 79 (provision of immigration services) Immigration & Asylum Act 1999 or of Restraining Order
07806,7806.0,Knowingly or recklessly disclosing information under S.93(2) - Immigration & Asylum Act 1999
07807,7807.0,Obtaining benefits or advantage for self or anyone else by making dishonest representations
07808,7808.0,"Disclosure by certain persons employed at detention centres or in accordance with escort arrangements, of information relating to detained persons"
07809,7809.0,Assisting a detained person to escape
07810,7810.0,Assisting unlawful immigration to member state
07811,7811.0,Helping asylum-seeker to enter the UK
07812,7812.0,Assisting entry to UK in breach of deportation order or exclusion order
07813,7813.0,Trafficking in prostitution
07814,7814.0,"Registration Card (making or using or attempting to use a false registration card; altering, using or attempting to use a registration card; making article designed to be used in making false registration card or altering card)."
07815,7815.0,"Registration Card (having false registration card in possession, having article within Para.(f) or (g) in possession without reasonable excuse)"
07816,7816.0,Immigration stamp
07817,7817.0,Being unable to produce an immigration document at a leave or asylum interview in respect of self
07818,7818.0,Being unable to produce an immigration document at a leave or asylum interview in respect of a dependent child
07819,7819.0,Trafficking people into the UK for the purpose of exploitation
07820,7820.0,Trafficking people within the UK for the purpose of exploitation
07821,7821.0,Trafficking people out of the UK for the purpose of exploitation
07822,7822.0,Employing a person subject to immigration control who has attained the age of 16
07823,7823.0,Failure to comply with a requirement to take specialised action as the Secretary of State required.
07824,7824.0,"Employing an person knowing that they are an adult subject to immigration control who has not been granted leave to enter or remain, or whose leave to remain is invalid etc."
07825,7825.0,"Wrongful disclosure of information in breach of SS.15(1), 15(2) or 17(1) (Borders, Citizenship and Immigration Act 2009"
07900,7900.0,Attempting to pervert the course of public justice    [Use this code only if you are unable to determine which subcoded Offence applies]
07901,7901.0,"Attempting to pervert the course of public justice (fabrication of false evidence, causing person to be wrongly convicted, interference with witness)"
07902,7902.0,Intimidating a juror or witness or person assisting in investigation of offence
07903,7903.0,"Harming or threatening to harm a witness, juror or person assisting in investigation"
07904,7904.0,Intimidating or intending to intimidate a witness
07905,7905.0,Harming or intending to harm a witness
07906,7906.0,Member of a jury carry out research during the trial period
07907,7907.0,Member of a jury share research with other jurors
08000,8000.0,Absconding from lawful custody
08001,8001.0,Participating in prison mutiny with or without failing to submit to lawful authority
08002,8002.0,Temporarily released prisoner unlawfully at large
08003,8003.0,Temporarily released prisoner failed to comply with recall
08100,8100.0,Firearms Act 1968 and other Firearms Acts    [Use this code only if you are unable to determine which subcoded Offence applies]
08103,8103.0,Possessing etc. firearms or ammunition without firearm certificate (Group I)
08104,8104.0,Possessing etc. shotgun without certificate (Group II)
08107,8107.0,Trading in firearms without being registered as a firearms dealer (Group I)
08108,8108.0,Trading in firearms without being registered as a firearms dealer(Group II)
08109,8109.0,Selling firearm to person without a certificate (Group I)
08110,8110.0,Selling firearm to person without a certificate (Group II)
08111,8111.0,"Repairing, testing etc. firearm for person without a certificate (Group I)"
08112,8112.0,"Repairing, testing etc. firearm for person without a certificate (Group II)"
08113,8113.0,Falsifying certificate etc. with view to acquisition of firearm (Group I)
08114,8114.0,Falsifying certificate etc. with view to acquisition of firearm (Group II)
08115,8115.0,Shortening a shotgun or other smooth bore gun (Group I)
08116,8116.0,Conversion of firearms (Group I)
08117,8117.0,Possessing or distributing prohibited weapons or ammunition (Group I)
08126,8126.0,Carrying firearm in public place etc. (Group I)
08127,8127.0,Carrying loaded firearm in public place etc. (Group II)
08129,8129.0,Trespassing with firearm or imitation firearm in a building (Group I)
08130,8130.0,Trespassing with firearm or imitation firearm in a building (Group II)
08135,8135.0,Possession of firearms by persons previously convicted of crime (Group I)
08136,8136.0,Possession of firearms by persons previously convicted of crime (Group II)
08137,8137.0,Possession of firearms by persons previously convicted of crime (Group III)
08138,8138.0,Supplying firearms to person denied them under Section 21 (Group I).
08139,8139.0,Supplying firearms to person denied them under Section 21 (Group II).
08140,8140.0,Supplying firearms to person denied them under Section 21 (Group III)
08142,8142.0,Failure to transfer firearms or ammunition in person (Group I)
08143,8143.0,Failure to give notice in writing to the Chief Officer of Police of transfers involving firearms (Group I)
08144,8144.0,"Failure by certificate holder to notify in writing Chief Officer of Police of deactivation, destruction or loss of firearms or ammunition (Group I)"
08145,8145.0,"Failure by certificate holder to notify in writing Chief Officer of Police of events taking place outside Great Britain involving firearms and ammunition (sold or otherwise disposed of, lost etc) (Group I)"
08169,8169.0,Failure to comply with instructions in firearm certificate when transferring firearm to person other than registered dealer; failure to report transaction to police (Group I)
08170,8170.0,Possessing or distributing prohibited weapons designed for discharge of noxious liquid etc. (Group I)
08171,8171.0,Possessing or distributing firearm disguised as other object. (Group I)
08172,8172.0,Possessing or distributing other prohibited weapons
08173,8173.0,Offence in relation to the unlawful IMPORTATION of any weapon or ammunition of a kind mentioned in S.5(1)(a)(ab)(aba)(ac)(ad)(ae)(af) or (c) of the Firearms Act 1968
08174,8174.0,Offence in relation to the unlawful EXPORTATION of any weapon or ammunition of a kind mentioned in S.5(1)(a)(ab)(aba)(ac)(ad)(ae)(af) or (c) of the Firearms Act 1968
08176,8176.0,Selling or transferring an air weapon unlawfully
08177,8177.0,Carrying a loaded or unloaded or imitation firearm or air weapon in public place
08178,8178.0,"Knowingly being concerned in activity prohibited by Parts 2, 3 or 4 of the Order with intent to evade the relevant prohibition"
08181,8181.0,Import prohibited weapon / ammo
08182,8182.0,Export prohibited weapon / ammunition with intent to evade prohibition / restriction
08183,8183.0,Carry / remove / deposit etc. prohibited weapons / ammunition with intent to evade a prohibition / restriction
08184,8184.0,Knowingly concerned in fraudulent evasion of prohibition / restriction on prohibited weapon / ammunition
08185,8185.0,Manufacture weapon / ammunition specified in section 5(1) of the Firearms Act 1968
08186,8186.0,Sell / transfer prohibited weapon / ammunition
08187,8187.0,Possess prohibited weapon / ammunition for sale / transfer
08188,8188.0,Purchase / acquire prohibited weapon / ammunition for sale / transfer
08189,8189.0,Import / acquire / possess / use a regulated explosives precursor without a licence
08190,8190.0,Manufacture an offensive weapon (Reclassified). Possess article for use in connection with conversion of deactivated firearm.
08191,8191.0,Controls on defectively deactivated weapons; Make defectively deactivated weapon available for sale / gift ; Sell / give as gift defectively deactivated weapon
08200,8200.0,"Offences against laws relating to Customs, Excise and Inland Revenue    [Use this code only if you are unable to determine which subcoded Offence applies]"
08202,8202.0,"Offences against laws relating to Customs, Excise and Inland Revenue: Offences triable either way"
08203,8203.0,Fraudulent evasion of duty an offence in connection with a prohibition or restriction on the importation or exportation of any weapon or ammunition of a kind mentioned in S.5(1)(a)(ab)(aba)(ac)(ad)(ae)(af) or (c) of the Firearms Act 1968
08204,8204.0,Finance Act 1989 SS.182 & 182(A) Disclosing any information held in the exercise of tax or other function by authorised person
08300,8300.0,Offences relating to bail    [Use this code only if you are unable to determine which subcoded Offence applies]
08301,8301.0,Absconding by person released on bail
08302,8302.0,Agreeing to indemnify sureties in criminal proceedings
08303,8303.0,Acknowledging bail in false name
08305,8305.0,Remain unlawfully at large after recall to prison - Crime (Sentences) Act 1997
08306,8306.0,Remain unlawfully at large after recall to prison - Criminal Justice Act 2003
08400,8400.0,Trade Descriptions Act 1968 and similar offences    [Use this code only if you are unable to determine which subcoded Offence applies]
08401,8401.0,False trade descriptions
08402,8402.0,False or misleading indications as to price of goods and contravening regulations regarding price of goods
08403,8403.0,False or misleading statements as to services etc.
08404,8404.0,Misleading advertisements
08405,8405.0,"Price regulation, price marking and price range notices; restriction on disclosure of information"
08406,8406.0,"Furnishing false information in response to notice, or to enforcement officer"
08407,8407.0,Disclosing restricted information
08408,8408.0,Unauthorised use of trade mark etc. in relation to goods
08409,8409.0,"Offences triable either way; making for sale or hire, importing, possessing or distributing articles which infringe the copyright; making, importing or distributing illicit recordings."
08410,8410.0,Offences triable either way except those included in 84/09
08411,8411.0,Licences and certificates relating to medicinal products etc. (TEW offences). Issuing an advert likely to lead to use of a relevant medicinal product supplied by prescription only. TEW offences under Medicines (Advertising) Regulations 1994
08412,8412.0,Infringing copyright in a work by communicating the work to the public
08413,8413.0,Infringing a performer's making available right in the course of business or otherwise
08414,8414.0,Knowingly or recklessly engaging in commercial practice contravening R.3(3)(a) distorting behaviour of average consumer - Consumer Protection from Unfair Trading Regulations 2008
08415,8415.0,Engaging in commercial practice which is a misleading action under R.5 - Consumer Protection from Unfair Trading Regulations 2008
08416,8416.0,Engage in commercial practice which is a misleading omission under R.6 - Consumer Protection from Unfair Trading Regulations 2008
08417,8417.0,Engaging in commercial practice which is aggressive under R.7 - Consumer Protection from Unfair Trading Regulations 2008
08418,8418.0,"Engaging in commercial practice set out in any of Paras.1 to 10, 12 to 27 and 29 to 31 of Sch.1 - Consumer Protection from Unfair Trading Regulations 2008"
08419,8419.0,Intentionally obstructing officer of enforcement authority acting in pursuance of regulations
08420,8420.0,Falsification of records etc.
08421,8421.0,TEW offences under this regulation - Human Medicines Regulations 2012
08500,8500.0,Health and Safety at Work etc Act 1974    [Use this code only if you are unable to determine which subcoded Offence applies]
08501,8501.0,Neglect of safety at work
08502,8502.0,Contravening requirement imposed by inspector under S.20 or S.25 - Health and Safety at Work etc. Act 1974; preventing another person from appearing before an inspector or from answering an inspector's question; contravening an improvement or prohibition notice
08503,8503.0,Contravening any notice issued under S.27(1); disclosing information in breach of SS.27(4) or 28 - Health and Safety at Work etc. Act 1974
08504,8504.0,Offences relating to deception - Health and Safety at Work etc. Act 1974
08505,8505.0,Failure to comply with a court remedy order (S.42); an offence under the existing statutory provisions' for which no other penalty is specified - Health & Safety at Work etc. Act 1974. l
08506,8506.0,TEW offences under General Product Safety Regulations 2005
08507,8507.0,TEW offences under Regulatory Reform (Fire Safety) Order 2005
08508,8508.0,Contravening a requirement or prohibition imposed by an improvement or prohibitive notice
08509,8509.0,"Contravening requirements of asbestos related health and safety regulations, licences or authorisations"
08510,8510.0,TEW offences contrary to regulations under the Nutrition and Health Claims (England) Regulations 2007.
08600,8600.0,"Obscene Publications, etc and Protected Sexual Material    [Use this code only if you are unable to determine which subcoded Offence applies]"
08601,8601.0,Possessing obscene material for gain
08602,8602.0,"Taking, permitting to be taken or making, distributing or publishing indecent photographs or pseudo photographs of children"
08603,8603.0,Indecent matter publicly displayed
08604,8604.0,Supplying video recording of unclassified work
08605,8605.0,Possessing video recording of unclassified work for the purpose of supply
08606,8606.0,"Having protected material, or copy of it, in possession otherwise than while inspecting it etc."
08607,8607.0,"Giving or revealing protected material, or copy of it, to any other person"
08608,8608.0,"Having been given or shown protected material, giving a copy or otherwise to any person other than the defendant"
08609,8609.0,"Having been given or shown protected material, giving a copy or otherwise to the defendant when not meant to"
08610,8610.0,Possession of indecent photograph of a child
08611,8611.0,Possession of extreme pornographic images - an act which threatens a person's life
08612,8612.0,"Possession of extreme pornographic images - an act which results in or is likely to result in serious injury to a person's anus, breasts or genitals"
08613,8613.0,Possession of extreme pornographic images - an act which involves sexual interference with a human corpse (necrophilia)
08614,8614.0,Possession of extreme pornographic images - a person performing an act of intercourse or oral sex with an animal (whether dead or alive) (bestiality)
08615,8615.0,Possessing prohibited images of children
08616,8616.0,Possess an extreme pornographic image portraying rape
08617,8617.0,Possess an extreme pornographic image portraying assault by penetration
08700,8700.0,Protection from eviction    [Use this code only if you are unable to determine which subcoded Offence applies]
08701,8701.0,Unlawful eviction of occupier
08702,8702.0,Unlawful harassment of occupier
08703,8703.0,Protection of occupiers against eviction and harassment
08800,8800.0,Miscellaneous sexual offences    [Use this code only if you are unable to determine which subcoded Offence applies]
08801,8801.0,Meeting a female child following sexual grooming etc. (offender aged 18 or over and victim aged under 16)
08802,8802.0,Meeting a male child following sexual grooming etc. (offender aged 18 or over and victim aged under 16)
08803,8803.0,Intercourse with an animal by a male
08804,8804.0,Intercourse with an animal by a female
08805,8805.0,Administering a substance with intent
08806,8806.0,Committing an offence with intent to commit a sexual offence
08807,8807.0,Trespass with intent to commit a sexual offence
08808,8808.0,Sex in a public lavatory
08809,8809.0,Exposure
08810,8810.0,Voyeurism
08811,8811.0,Sexual penetration of a corpse
08812,8812.0,Voyeurism operating equipment or recording image beneath the clothing of another person ('upskirting')
08900,8900.0,Adulteration of food    [Use this code only if you are unable to determine which subcoded Offence applies]
08901,8901.0,General protection of the public against injurious food and drug products
08902,8902.0,Adulteration etc of milk products
08903,8903.0,Contravention of order relating to the particulars of certain food ingredients
08904,8904.0,Rendering food injurious to health
08905,8905.0,Selling food not complying with food safety requirements
08906,8906.0,Selling food not of the nature or substance or quality demanded
08907,8907.0,Falsely describing or presenting food
08908,8908.0,Obstruction etc. of officers; furnishing false information
08909,8909.0,Contravening or failing to comply with specified Community provision referred to in Part 1 of the Schedule - Genetically Modified Animal Feed (England) Regulations 2004 SI 2334/2004
08910,8910.0,Contravening or failing to comply with specified Community provision referred to in Part 1 of the Schedule - Genetically Modified Animal Feed (England) Regulations 2004 SI 2335/2004
08911,8911.0,TEW offences under these Regulations - Fresh Meat (Hygiene and Inspection) Regulations 1995
08912,8912.0,TEW offences - Plastic Materials and Articles in Contact with Food (England) (No.2) Regulations 2006
08913,8913.0,"Contrary to regulations under the Animal Feed (Hygiene, Sampling etc. and Enforcement) (England) Regulations 2015"
09000,9000.0,Knives Act 1997 and other related Offensive Weapons Acts and Regulations not dealt with elsewhere    [Use this code only if you are unable to determine which subcoded Offence applies]
09001,9001.0,Unlawful marketing of knives (selling or hiring)
09002,9002.0,Unlawful marketing of knives (offering or exposing to sell or hire)
09003,9003.0,Unlawful marketing of knives - having in possession for the purpose of sale or hire
09004,9004.0,"Publication of any written, pictorial or other material in connection with the marketing of any knife - the material suggesting/indicating knife suitable for combat"
09005,9005.0,"Publication of any written, pictorial or other material in connection with the marketing of any knife - the material is otherwise likely to stimulate or encourage violent behaviour involving use of the knife as a weapon"
09100,9100.0,Public Health    [Use this code only if you are unable to determine which subcoded Offence applies]
09101,9101.0,Public Health Offences as related to food and drugs
09102,9102.0,Hygiene offences in connection with sale etc. of food to the public
09106,9106.0,Contravention of regulations with respect to certain dangerous or intractable waste
09107,9107.0,Carrying on a process without authority or not complying with conditions of granted authority
09108,9108.0,Transfer of authorisation; failing to notify authority
09109,9109.0,Failing to comply with or contravening any enforcement or prohibition notice
09110,9110.0,Failing without reasonable excuse to provide any information required by an authority in a notice under Section 19(2) - Environmental Protection Act 1990
09111,9111.0,Making a statement known to be materially false or misleading or recklessly making a statement which is materially false or misleading in compliance with a requirement under Part I of the Act or in order to obtain authorisation or variation of authorisation for oneself or any other person - Environmental Protection Act 1990
09112,9112.0,Intentionally making a false entry in any record required under Section 7 - Environmental Protection Act 1990
09113,9113.0,Intentionally deceiving by forgery or using a document issued under Section 7 - Environmental Protection Act 1990
09114,9114.0,Failing to comply with an order issued under Section 26 - Environmental Protection Act 1990
09115,9115.0,"Depositing, causing the deposition or permitting the deposition treating, keeping or disposing of controlled (but not special) waste in or on land without a licence"
09116,9116.0,"Depositing, causing the deposition or permitting the deposition of controlled special waste in or on land without a licence"
09117,9117.0,"Handling, controlling or transferring controlled waste without taking reasonable measures; failure to comply with the requirements of the Secretary of State; failure to take such measures as available to secure transfer of household waste to authorised person or persons authorised for transport purposes"
09118,9118.0,"Licence-holder failing to comply with requirements of Waste Regulating Authority, otherwise than in relation to special waste, when suspending a licence to deal with or avert pollution or harm"
09119,9119.0,"Licence-holder failing to comply with requirements of Waste Regulating Authority, in relation to special waste, when suspending a licence to deal with or avert pollution or harm."
09120,9120.0,Making a false statement in an application concerning a licence
09121,9121.0,Contravening regulations made under Section 62 controlling special waste - Environmental Protection Act 1990
09122,9122.0,Depositing waste (not controlled waste) in an area prescribed by the Secretary of State
09125,9125.0,"Importing, acquiring, keeping releasing or marketing any genetically modified organisms without carrying out a risk assessment and giving prescribed notice and information to the Secretary of State"
09126,9126.0,"Importing, acquiring, releasing or marketing any genetically modified organisms in certain cases or circumstances or without consent. Failing to dispose of organisms quickly and safely when required"
09127,9127.0,"Failing to identify risks of importing or acquiring genetically modified organisms, importing or acquiring modified organisms despite the risks, not taking all reasonable steps to prevent risk of damage to the environment as a result of keeping modified organisms. Releasing or marketing modified organisms without regard to the risks of damage to the environment"
09128,9128.0,Failing to keep a record of a risk assessment or failing to give the Secretary of State further information
09129,9129.0,Contravening a prohibition notice - Environmental Protection Act 1990
09130,9130.0,Obstructing an inspector where he believes imminent danger is involved - Environmental Protection Act 1990
09131,9131.0,Failing to comply with any requirement to provide relevant information - Environmental Protection Act 1990
09132,9132.0,Making a false statement - Environmental Protection Act 1990
09133,9133.0,Making a false entry in any required record - Environmental Protection Act 1990
09134,9134.0,"Forging, using, making or processing a document purporting to have been issued under Section 111 - Environmental Protection Act 1990"
09135,9135.0,"Contravening regulations made to control the import, use, supply and storage of any specified injurious substance or article"
09136,9136.0,Contravening regulations made to prohibit or restrict the import or export of waste
09137,9137.0,Contravening conditions of a waste management licence
09138,9138.0,"Obstructing an inspector exercising his powers to seize, render harmless or take samples from an article or substance believed to be a cause of imminent danger to the environment or serious harm to human health"
09139,9139.0,Failing without reasonable excuse to provide any information required by a waste regulation authority or the Secretary of State
09140,9140.0,Failing to comply with a notice or failing to furnish information or furnishing false information
09141,9141.0,Obstructing an authorised person in the execution of his powers.
09142,9142.0,Failure to comply with the Regulations - Special Waste Regulations 1996
09143,9143.0,Restriction on disclosure of information obtained under Section 23(2) etc. - Health Act 1999
09144,9144.0,Publishing or causing to be published a tobacco advertisement
09145,9145.0,Printing devising or distributing a tobacco advertisement in UK
09146,9146.0,"Commissioning or selling a tobacco advertisement in newspapers, periodicals etc."
09147,9147.0,Displaying or causing to be displayed tobacco products if the display does not comply with any requirements as may be specified in regulations made under this Section - Tobacco Advertising and Promotion Act 2002 SS.8 & 16(2)
09148,9148.0,Giving or causing or permitting any product or coupon to be given to the public in the UK which promotes a tobacco product
09149,9149.0,Prohibition of any sponsorship promoting a tobacco product
09150,9150.0,Prohibition or restriction of brandsharing / brandstretching - regulations made under this Section
09151,9151.0,Pollution of controlled water
09152,9152.0,"Contravention of Regulations 4, 5, 6, or 7 - Environmental Protection (Controls on Dangerous Substances) Regulations 2003 (SI 3274/2003) R.8"
09153,9153.0,Contravention of Regulations - The Greenhouse Gas Emissions Trading Scheme Regulations 2003 (SI 3311/2003) R.32
09154,9154.0,"TEW offences created by Regulations made under SS.6 & 7 - Water and Emissions Trading Act 2003 S.8(1), (2b), (4), (5) & (6)"
09155,9155.0,"TEW offences made under these Regulations - Animal By-Products Regulations 2005. Obstructing person acting in execution of the regulations, Triable either way offences - Animal By-Products (Identification) Regulations 1995"
09156,9156.0,Without appropriate consent carrying out a S.1 activity in relation to human organ or tissue - Human Tissue Act 2004
09157,9157.0,Falsely representing that consent given or did not apply for a S.1 activity in relation to a human organ or tissue - Human Tissue Act 2004
09158,9158.0,Carried out an activity in relation to organ or tissue to which S.1(2) applies without a signed certificate - Human Tissue Act 2004
09159,9159.0,Prohibition of commercial dealings in human material for transplantation
09160,9160.0,Breach of licence requirement in contravention of S.16(1) - Human Tissue Act 2004
09161,9161.0,Possession of anatomical specimens other than on licensed premises
09162,9162.0,Possession of former anatomical specimens other than on licensed premises
09163,9163.0,Non-consensual analyses of DNA
09164,9164.0,Prohibition on the placing on the market and use of nonylphenol and nonylphenol ethoxylate
09165,9165.0,Offences relating to the sale and supply of starting materials for use in the manufacture of relevant medicinal products
09166,9166.0,TEW offences made under the Food Hygene (England) Regulations 2006. TEW offences made under the Food Hygiene (Wales) Regulations 2006
09167,9167.0,TEW regulations made under this order - Merchant Shipping (Pollution) Act 2006
09168,9168.0,Using or storing donated material not for qualifying purposes - The Human Tissue Act 2004
09169,9169.0,All offences made under these regulations Animal and Animal Products Regulations 1997
09170,9170.0,TEW offences under the Pollution Prevention and Control Regulations (England and Wales) Order 2000
09171,9171.0,TEW offences under the Veterinary Medicines Regulations 2005. TEW offences made under the Veterinary Medicines Regulations 2011
09172,9172.0,Breach of regulations under Foot and Mouth Disease (Export Restrictions) (England) Regulations 2007 R.21
09173,9173.0,Breach of regulations under Import and Export Restrictions (Foot and Mouth Disease) (Wales) Regulations 2007
09174,9174.0,Contravening and failing to comply etc with the requirements of an environmental permit
09175,9175.0,"Failure to comply with notice, misleading or intentionally making false entry in record or intent to deceive re environmental permit"
09176,9176.0,"TEW offences under the Transfrontier Shipment of Waste Regulations 2007 RR.17 - 44, 52 - 54 & Sch.6 P.6(2) & (3)"
09177,9177.0,TEW offences under the Swine Vesicular Disease Regulations 2009
09178,9178.0,Restriction on the placing on the market or use of dangerous substances and preparations
09179,9179.0,Service provider doing an act abroad which would be an offence if done in UK - Tobacco Advertising and Promotion Act 2002
09180,9180.0,Proprietor or editor of information society service publishing tobacco advertisement.
09181,9181.0,Procuring inclusion of tobacco advertisement in information society service.
09182,9182.0,TEW offences under these regulations - Medicines for Human Use (Clinical Trials) Regulations 2004
09183,9183.0,"Failure to comply with animal by-product requirements or intentionally obstruct, fail to give information/ documentation/ facilities to an authorised person"
09184,9184.0,TEW offences under these regulations
09185,9185.0,TEW offences contrary to regulations under the Tobacco and Related Products Regulations 2016 and section 2(2) of the European Communities Act 1972. (These regulations include e-cigarettes)
09200,9200.0,Misuse of Drugs    [Use this code only if you are unable to determine which subcoded Offence applies]
09201,9201.0,Offence in relation to the unlawful IMPORTATION of a drug controlled under Misuse of Drugs Act 1971 - Other Class
09202,9202.0,Offence in relation to the unlawful EXPORTATION of a drug controlled under Misuse of Drugs Act 1971 - Other Class
09203,9203.0,Offences in relation to the unlawful IMPORTATION of a drug controlled under the Misuse of Drugs Act 1971: - Class A
09204,9204.0,Offences in relation to the unlawful IMPORTATION of a drug controlled under the Misuse of Drugs Act 1971: - Class B
09205,9205.0,Offences in relation to the unlawful IMPORTATION of a drug controlled under the Misuse of Drugs Act 1971: - Class C
09206,9206.0,Offences in relation to the unlawful EXPORTATION of a drug controlled under the Misuse of Drugs Act 1971: - Class A
09207,9207.0,Offences in relation to the unlawful EXPORTATION of a drug controlled under the Misuse of Drugs Act 1971: - Class B
09208,9208.0,Offences in relation to the unlawful EXPORTATION of a drug controlled under the Misuse of Drugs Act 1971: - Class C
09210,9210.0,Production of or being concerned in the production of a controlled drug - Class A - Cocaine
09211,9211.0,Production of or being concerned in the production of a controlled drug - Class A - Heroin
09212,9212.0,Production of or being concerned in the production of a controlled drug - Class A - LSD
09213,9213.0,Production of or being concerned in the production of a controlled drug - Class A - MDMA
09214,9214.0,Production of or being concerned in the production of a controlled drug - Class A - Crack cocaine
09215,9215.0,Production of or being concerned in the production of a controlled drug - Class A - Methadone
09216,9216.0,Concerned in the fraudulent evasion of a prohibition on the importation of Khat
09217,9217.0,Import khat with intent to evade a prohibition / restriction
09218,9218.0,Evade prohibition / restriction on the exporting of class C drug - Khat
09219,9219.0,Production of or being concerned in the production of a controlled drug - Class A - Other Class A
09220,9220.0,Production of or being concerned in the production of a controlled drug - Class B - Amphetamine
09221,9221.0,"Production of or being concerned in the production of a controlled drug - Class B - Cannabis and cannabis resin, Cannabinol and Cannabinol derivatives. Cultivation of cannabis plants"
09222,9222.0,Production of or being concerned in the production of a controlled drug - Class B - Synthetic cannabinoid receptor agonists
09223,9223.0,Production of or being concerned in the production of a controlled drug - 4-Methylmethcathinone (Mephedrone or Methcathinone)
09225,9225.0,Production of or being concerned in the production of a controlled drug - Class B - Other Class B
09226,9226.0,Production of or being concerned in the production of a controlled drug - Class C - Cannabis and cannabis resin
09227,9227.0,Production of or being concerned in the production of a controlled drug - Class C - Anabolic Steroids
09228,9228.0,Production of or being concerned in the production of a controlled drug - Class C - Other Class C
09229,9229.0,Production of or being concerned in the production of a controlled drug - Class unspecified
09230,9230.0,Supplying or offering to supply (or being concerned in supplying or offering to supply) a controlled drug - Class A - Cocaine
09231,9231.0,Supplying or offering to supply (or being concerned in supplying or offering to supply) a controlled drug - Class A - Heroin
09232,9232.0,Supplying or offering to supply (or being concerned in supplying or offering to supply) a controlled drug - Class A - LSD
09233,9233.0,Supplying or offering to supply (or being concerned in supplying or offering to supply) a controlled drug - Class A - MDMA
09234,9234.0,Supplying or offering to supply (or being concerned in supplying or offering to supply) a controlled drug - Class A - Crack
09235,9235.0,Supplying or offering to supply (or being concerned in supplying or offering to supply) a controlled drug - Class A - Methadone
09237,9237.0,Importing a drug the subject of a temporary class order with intent to evade a prohibition or restriction
09238,9238.0,Exporting a drug the subject of a temporary class order with intent to evade a prohibition or restriction
09239,9239.0,Supplying or offering to supply (or being concerned in supplying or offering to supply) a controlled drug - Class A - Other Class A
09240,9240.0,Supplying or offering to supply (or being concerned in supplying or offering to supply) a controlled drug - Class B - Amphetamine
09241,9241.0,"Supplying or offering to supply (or being concerned in supplying or offering to supply) a controlled drug - Class B - Cannabis and cannabis resin, Cannabinol and Cannabinol derivatives"
09242,9242.0,Supplying or offering to supply (or being concerned in supplying or offering to supply) a controlled drug - Class B - Synthetic cannabinoid receptor agonists
09243,9243.0,Supplying or offering to supply (or being concerned in supplying or offering to supply) a controlled drug - Class B - 4-Methylmethcathinone (Mephedrone or Methcathinone)
09245,9245.0,Supplying or offering to supply (or being concerned in supplying or offering to supply) a controlled drug - Class B - Other Class B
09246,9246.0,Supplying or offering to supply (or being concerned in supplying or offering to supply) a controlled drug - Class C - Cannabis and cannabis resin
09247,9247.0,Supplying or offering to supply (or being concerned in supplying or offering to supply) a controlled drug - Class C - Anabolic Steroids
09248,9248.0,Supplying or offering to supply (or being concerned in supplying or offering to supply) a controlled drug - Other Class C
09249,9249.0,Supplying or offering to supply (or being concerned in supplying or offering to supply) a controlled drug - Class unspecified
09250,9250.0,Having possession of a controlled drug - Class A - Cocaine
09251,9251.0,Having possession of a controlled drug - Class A - Heroin
09252,9252.0,Having possession of a controlled drug - Class A - LSD
09253,9253.0,Having possession of a controlled drug - Class A - MDMA
09254,9254.0,Having possession of a controlled drug - Class A - Crack
09255,9255.0,Having possession of a controlled drug - Class A - Methadone
09259,9259.0,Having possession of a controlled drug - Class A - Other Class A
09260,9260.0,Having possession of a controlled drug - Class B - Amphetamine
09261,9261.0,"Having possession of a controlled drug - Class B - Cannabis and cannabis resin, Cannabinol and Cannabinol derivatives"
09262,9262.0,Having possession of a controlled drug - Class B - Synthetic cannabinoid receptor agonists
09263,9263.0,Having possession of a controlled drug - Class B - 4-Methylmethcathinone (Mephedrone or Methcathinone)
09265,9265.0,Having possession of a controlled drug - Other Class B
09266,9266.0,Having possession of a controlled drug - Class C - Cannabis and cannabis resin
09267,9267.0,Having possession of a controlled drug - Class C - Anabolic Steroids
09268,9268.0,Having possession of a controlled drug - Class C - Other Class C
09269,9269.0,Having possession of a controlled drug - Class unspecified
09270,9270.0,Having possession of a controlled drug with intent to supply - Class A - Cocaine
09271,9271.0,Having possession of a controlled drug with intent to supply - Class A - Heroin
09272,9272.0,Having possession of a controlled drug with intent to supply - Class A - LSD
09273,9273.0,Having possession of a controlled drug with intent to supply - Class A - MDMA
09274,9274.0,Having possession of a controlled drug with intent to supply - Class A - Crack
09275,9275.0,Having possession of a controlled drug with intent to supply - Class A - Methadone
09279,9279.0,Having possession of a controlled drug with intent to supply - Class A - Other Class A
09280,9280.0,Having possession of a controlled drug with intent to supply - Class B - Amphetamine
09281,9281.0,"Having possession of a controlled drug with intent to supply - Class B - Cannabis and cannabis resin, Cannabinol and Cannabinol derivatives"
09282,9282.0,Having possession with intent to supply - Class B - Synthetic cannabinoid receptor agonists
09283,9283.0,Having possession with intent to supply - Class B - 4-Methylmethcathinone (Mephedrone or Methcathinone)
09285,9285.0,Having possession of a controlled drug with intent to supply - Class B - Other Class B
09286,9286.0,Having possession of a controlled drug with intent to supply - Class C - Cannabis and cannabis resin
09287,9287.0,Having possession of a controlled drug with intent to supply - Class C - Anabolic Steroids
09288,9288.0,Having possession of a controlled drug with intent to supply - Class C - Other Class C
09289,9289.0,Having possession of a controlled drug with intent to supply - Class unspecified
09290,9290.0,Incite another to supply a class A controlled drug
09291,9291.0,Incite another to supply a class B controlled drug
09292,9292.0,Incite another to supply a class C controlled drug
09293,9293.0,Incite another to supply a controlled drug of unspecified class
09295,9295.0,Producing controlled drug - Class A; Misuse of Drugs Act 1971 S.4(2)(a)
09300,9300.0,Permitting premises to be used for unlawful purposes    [Use this code only if you are unable to determine which subcoded Offence applies]
09310,9310.0,Permitting premises to be used for unlawful purposes - Class A - Cocaine
09311,9311.0,Permitting premises to be used for unlawful purposes - Class A - Heroin
09312,9312.0,Permitting premises to be used for unlawful purposes - Class A - LSD
09313,9313.0,Permitting premises to be used for unlawful purposes - Class A - MDMA
09314,9314.0,Permitting premises to be used for unlawful purposes - Class A - Crack
09315,9315.0,Permitting premises to be used for unlawful purposes - Class A - Methadone
09319,9319.0,Permitting premises to be used for unlawful purposes - Class A - Other Class A
09320,9320.0,Permitting premises to be used for unlawful purposes - Class B - Amphetamine
09321,9321.0,"Permitting premises to be used for unlawful purposes - Class B - Cannabis and cannabis resin, Cannabinol and Cannabinol derivatives"
09322,9322.0,Permitting premises to be used for unlawful purposes - Class B - Synthetic cannabinoid receptor agonists
09323,9323.0,Permitting premises to be used for unlawful purposes - Class B - 4-Methylmethcathinone (Mephedrone or Methcathinone)
09325,9325.0,Permitting premises to be used for unlawful purposes - Class B - Other Class B
09326,9326.0,Permitting premises to be used for unlawful purposes - Class C - Cannabis and cannabis resin
09327,9327.0,Permitting premises to be used for unlawful purposes - Class C - Anabolic Steroids
09328,9328.0,Permitting premises to be used for unlawful purposes - Class C - Other Class C
09329,9329.0,Permitting premises to be used for unlawful purposes - Class unspecified
09330,9330.0,"Obstructing exercise of powers of search etc., or concealing drugs etc."
09340,9340.0,Other indictable or triable-either-way offences relating to drugs
09341,9341.0,Produce a psychoactive substance
09342,9342.0,Supply a psychoactive substance
09343,9343.0,Offer to supply a psychoactive substance
09344,9344.0,Possess a psychoactive substance with intent to supply
09345,9345.0,Import a psychoactive substance
09346,9346.0,Export a psychoactive substance
09347,9347.0,Possess a psychoactive substance in a custodial institution
09348,9348.0,Fail to comply with a prohibition / premises order re psychoactive substances
09349,9349.0,Concealing or transferring the proceeds of drug trafficking
09350,9350.0,Assisting another person to retain the benefit drug trafficking
09351,9351.0,"Acquisition, possession or use of proceeds of drug trafficking"
09352,9352.0,Failure to disclose knowledge or suspicion of money laundering (drug trafficking)
09353,9353.0,"Disclosure of information likely to prejudice an investigation (drug trafficking) (""Tipping off"")"
09354,9354.0,Prejudicing an investigation by making unlawful disclosures (drug trafficking)
09355,9355.0,Production of or being concerned in the production of a controlled drug - Class A - Methamphetamine (Crystal meth)
09357,9357.0,Production of or being concerned in the production of a controlled drug - Class C - Piperazines (including BZP)
09358,9358.0,"Production of or being concerned in the production of a controlled drug - Class C - Gamma-butyrolactone (GBL) and 1,4-butanediol (1,4-BD)"
09359,9359.0,Production of or being concerned in the production of a controlled drug - Class C - GHB (Hydroxy-n-butric acid)
09360,9360.0,Production of or being concerned in the production of a controlled drug - Class C - Ketamine (Special K or Club 'horse' drug)
09361,9361.0,Supplying or offering to supply (or being concerned in supplying or offering to supply) a controlled drug - Class A - Methamphetamine (Crystal meth)
09362,9362.0,Production of or being concerned in the production of a controlled drug - Class C - Khat
09363,9363.0,"Supplying or offering to supply (or being concerned in supplying or offering to supply) a controlled drug - Class C - Gamma-butyrolactone (GBL) and 1,4-butanediol (1,4-BD)"
09364,9364.0,Supplying or offering to supply (or being concerned in supplying or offering to supply) a controlled drug - Class C - Piperazines (including BZP)
09365,9365.0,Supplying or offering to supply (or being concerned in supplying or offering to supply) a controlled drug - Class C - Hydroxy-n-butyric acid (GHB)
09366,9366.0,Supplying or offering to supply (or being concerned in supplying or offering to supply) a controlled drug - Class C - Ketamine (Special K or Club 'horse' drug)
09367,9367.0,Having possession of a controlled drug - Class A - Methamphetamine (Crystal meth)
09368,9368.0,Supplying or offering to supply (or being concerned in supplying or offering to supply) a controlled drug - Class C - Khat
09369,9369.0,"Having possession of a controlled drug - Class C - Gamma-butyrolactone (GBL) and 1,4-butanediol (1,4-BD)"
09370,9370.0,Having possession of a controlled drug - Class C - Piperazines (including BZP)
09371,9371.0,Having possession of a controlled drug - Class C - GHB (Hydroxy-n-butric acid)
09372,9372.0,Having possession of a controlled drug - Class C - Ketamine (Special K or Club 'horse' drug)
09373,9373.0,Having possession of a controlled drug with intent to supply - Class A - Methamphetamine (Crystal meth)
09374,9374.0,Attempt to possess khat
09375,9375.0,"Having possession of a controlled drug with intent to supply - Class C - Gamma-butyrolactone (GBL) and 1,4-butanediol (1,4-BD)"
09376,9376.0,Having possession of a controlled drug with intent to supply - Class C - Piperazines (including BZP)
09377,9377.0,Having possession of a controlled drug with intent to supply - Class C - GHB (Hydroxy-n-butric acid)
09378,9378.0,Having possession of a controlled drug with intent to supply - Class C - Ketamine (Special K or Club 'horse' drug)
09379,9379.0,Permitting premises to be used for unlawful purposes - Class A - Methamphetamine (Crystal meth)
09380,9380.0,Having possession of a controlled drug with intent to supply - Class C - Khat
09381,9381.0,"Permitting premises to be used for unlawful purposes - Class C - Gamma-butyrolactone (GBL) and 1,4-butanediol (1,4-BD)"
09382,9382.0,Permitting premises to be used for unlawful purposes - Class C - Piperazines (including BZP)
09383,9383.0,Permitting premises to be used for unlawful purposes - Class C - GHB (Hydroxy-n-butric acid)
09384,9384.0,Permitting premises to be used for unlawful purposes - Class C - Ketamine (Special K or Club 'horse' drug)
09385,9385.0,Producing or being concerned in the production of a drug the subject of a temporary class drug order
09386,9386.0,Supplying or offering to supply or being concerned in supplying or offering to supply a drug the subject of a temporary class drug order
09387,9387.0,Permitting the use of premises for the supply or production of a drug the subject of a temporary class drug order
09388,9388.0,Possessing with intent to supply a drug the subject of a temporary class drug order
09389,9389.0,"Obstructing a PC in exercise of a S.23A(6) power to detain or search a person, vehicle or vessel regarding a drug the subject of a temporary class drug order"
09400,9400.0,Town and Country Planning Act 1990    [Use this code only if you are unable to determine which subcoded Offence applies]
09401,9401.0,Non compliance with enforcement notice
09402,9402.0,Contravention of stop notice
09403,9403.0,Contravention of discontinuance of use etc. order
09404,9404.0,Procuring a certificate using false or misleading information or withholding information
09405,9405.0,Disclosing information obtained while on land as to manufacturing process or trade secrets
09406,9406.0,Contravening tree preservation order
09407,9407.0,"Triable-either-way offences, Town and Country Planning Act 1990 SS.325 and 330"
09408,9408.0,Failure to comply with conditions of Listed Building consent
09409,9409.0,Failure to comply with Listed Building enforcement notice
09410,9410.0,Contravention of hazardous substances control
09411,9411.0,Offences relating to the contravention of a temporary stop order
09412,9412.0,Enter aircraft when drunk / be drunk in aircraft
09413,9413.0,Act as crew of aircraft when under influence of drink / drug impairing capacity
09414,9414.0,Intentionally interfere with performance of aircraft crew member's duty
09415,9415.0,Recklessly / negligently act in manner likely to endanger aircraft / person in an aircraft
09416,9416.0,Shine / direct laser beam towards a vehicle
09417,9417.0,Shine / direct laser beam towards an air traffic facility/a person providing air traffic services
09500,9500.0,"Disclosure, obstruction, false or misleading statements etc.    [Use this code only if you are unable to determine which subcoded Offence applies]"
09501,9501.0,Disclosing any information in contravention of direction made under S.18 - Anti-Terrorism Crime and Security Act 2001 S.18(6)
09502,9502.0,Obstruction of an officer in the exercise of a power conferred by a warrant etc.
09503,9503.0,Knowingly making false or misleading statements for purpose of obtaining or opposing the variation or withdrawal of authorisation for the purposes of SS.47 & 50 - Anti-Terrorism Crime and Security Act 2001
09504,9504.0,Occupier fails to comply with any duty or direction imposed on him by or under this Part(7); knowingly or recklessly making a statement which is false or misleading - Anti-Terrorism Crime and Security Act 2001
09505,9505.0,Failure to comply with prohibition imposed by order; engaging in an activity knowing or intending that it will enable or facilitate the commission by another person of an offence under Sch.3 Para.2. - Anti-Terrorism Crime and Security Act 2001
09506,9506.0,"Offences of prejudicing an investigation: disclosure likely to prejudice investigation; falsifying, concealing, destroying or otherwise disposing of etc. documents relevant to investigation."
09507,9507.0,"In purported compliance with requirement imposed under a disclosure order, making or recklessly making a false or misleading statement"
09508,9508.0,"Provide false information to the Financial Services Authority. Breach of a direction contained in a restriction notice under S.191B. Knowingly or recklessly giving an appointed auditor or actuary false or misleading information. Making misleading, false or deceptive statements to induce someone to enter into or refrain from relevant agreement. Knowingly or recklessly giving the Financial Services Authority false or misleading information. UK firm exercise EEA passport right to establish branch when condition not satisfied. Treaty firm failing to give Financial Services Authority 7 days' notice of carrying on of a regulated activity or providing false or misleading information. Knowingly / recklessly provide false / misleading information in purported compliance with s.131E / 131F requirement. Financial Services & Markets Act 2000"
09509,9509.0,"Disclosure, obstruction, making false or misleading statements; altering, suppressing or destroying documents etc - Enterprise Act 2002"
09510,9510.0,"Falsifying, concealing, destroying or otherwise disposing etc of. documents knowing or suspecting to be relevant to investigation by Serious Fraud Office or the OFT into offence under S.183 - Enterprise Act 2002"
09511,9511.0,Disclosure of information - Tax Credits Act 2002
09512,9512.0,"Financial institution if in purported compliance with requirement imposed under a disclosure order, makes or recklessly makes a false or misleading statement"
09513,9513.0,Making false statements to authorised enforcement officer - Tobacco Advertising and Promotion Act
09514,9514.0,Failure to comply with a directive given under Sch.3A or intentionally obstructing person acting on behalf of Secretary of State in connection with the giving of a direction under this Schedule - Merchant Shipping Act 1995 & Maritime Safety Act 2003
09515,9515.0,Failure to comply with a direction given by the Chief Inspector of Rail Accidents
09516,9516.0,Failure to give information / assistance to technical assessors
09517,9517.0,"Financial institution: in purported compliance with a customer information order making a statement, or recklessly making a statement, knowing it to be false or misleading in a material particular"
09518,9518.0,Financial institution: disclosing types of information specified in Section 42(3) to customers - requests for account monitoring or account information received - Crime (International Co-operation) Act 2003
09519,9519.0,Employee of institution: disclosing types of information specified in Section 42(3) to customers - requests for account monitoring or account information received - Crime (International Co-operation) Act 2003
09520,9520.0,Obstructing the Information Commissioner in the course of his inspection or failing without reasonable excuse to give him any reasonable assistance
09521,9521.0,Making misleading application for a Licence under Article 2 or a Community licence - Export of Objects of Cultural Interest (Control) Order 2003
09522,9522.0,Failure to comply with any condition attaching to a Licence under Article 2 or a Community licence - Export of Objects of Cultural Interest (Control) Order 2003
09523,9523.0,"Making false or misleading statement in purported compliance with any requirement imposed under Sections 62 or 63, Serious Organised Crime and Police Act 2005"
09524,9524.0,Disclosing information about protection arrangements
09525,9525.0,Disclosing information relating to persons assuming new identity
09526,9526.0,Failing to provide information or making false statement relating to ship or harbour area
09527,9527.0,Falsification etc. of documents - Finance Act 2003
09528,9528.0,Making or recklessly making a statement or furnishing document or information which is false in material particular - Trade in Goods (Control) Order 2003
09529,9529.0,Unauthorised disclosure of information - Identity Cards Act 2006
09530,9530.0,"Provide false information re-securing, making or modifying of an entry in register - Identity Cards Act 2006"
09531,9531.0,Making false statements etc. with reference to civil partnerships
09532,9532.0,"Obstructing, concealing or failing to produce records for person acting under S20(1); making false or misleading statement in purported compliance with a S.47 requirement to produce documents - Health Act 2006"
09533,9533.0,Knowingly making false or misleading statement in purported compliance with S.198 - National Health Service Act 2006
09534,9534.0,Failure to comply with a S.201 or S.202 requirement to disclose information - National Health Service Act 2006
09535,9535.0,Fail to comply with s.50(2) or 50(5) - disclosure of documents or s.51(2) - protection of personal information - Health Act 2006
09536,9536.0,Disclosing information in connection with the Education Act 2005
09537,9537.0,"Intentionally altering, suppressing or destroying document required to be produced under S.235 notice - Housing Act 2004"
09538,9538.0,"Without consent of Commissioner of HM Revenue & Customs made unauthorised paragraph 1 disclosure - Police, Public Order and Criminal Justice (Scotland) Act 2006 (Consequential Provisions and Modifications) Order 2007"
09539,9539.0,Making a false statement in an application for registration of document for lasting power of attorney or re actual or impending incapacity of donor
09540,9540.0,Assaulting or obstructing enforcement officer acting under S.89 or S.90 or failing or refusing to comply with S.89(4)(e)-(f) requirement - Wireless Telegraphy Act 2006
09541,9541.0,Disclosing information relating to identity of person which is specified in or can be deduced from that disclosure
09542,9542.0,Licence holder failing to keep records or give notice or make a return or report as required by licence - importation and storage of combustible gas
09543,9543.0,Making a statement which the person knows to be false or recklessly making statement which is false to obtain licence or consent of S of S etc - importation and storage of combustible gas
09544,9544.0,Failure to disclose information which is known or ought to be known to be relevant to an application for licence or consent of S of S etc - importation and storage of combustible gas
09545,9545.0,Failure to comply with direction under S.10 - importation and storage of combustible gas
09546,9546.0,Licence holder failing to keep records or give notice or make a return or report as required by licence - storage of carbon dioxide
09547,9547.0,Making a statement known to be false or recklessly making statement which is false to obtain licence or consent of licensing authority - storage of carbon dioxide
09548,9548.0,Failure to disclose information which is known or ought to be known to be relevant to an application for licence or consent of licensing authority - storage of carbon dioxide
09549,9549.0,Failure to comply with a direction under S.24 - storage of carbon dioxide - Energy Act 2008
09550,9550.0,Offence of further disclosure of information - nuclear sites: decommissioning and clean-up. Offence of supplying false information – nuclear sites: decommissioning and clean-up
09551,9551.0,Without authority disclosing or using information - Access to Justice Act 1999
09552,9552.0,Failure to comply with a requirement imposed by direction under Sch.7 - Counter-Terrorism Act 2008. Knowingly or recklessly providing false information or a document to obtain grant of an exemption licence
09553,9553.0,Disclosing protected information disclosed by public authority acting as an anti-fraud organisation
09554,9554.0,Obstruction etc. under these Regulations - Cattle Identification Regulations 2007 RR.13(1)(a)-(d) & (2) & 15
09555,9555.0,Member of the House of Commons providing false or misleading information for allowance claims
09556,9556.0,Intentionally obstructing an authorised person in the exercise of powers under Pt.3 of Sch.3 (seizure in cases of imminent danger of serious pollution) - Control of Dangerous Substances and Preparations Regulations 2006
09557,9557.0,"TEW offences [excluding R.6(7)] under Railways (Accident Investigation and Reporting) Regulations 2005 RR.4(12), 7(6), 8(7), 9(13), 9(16) & 16(1)"
09558,9558.0,Failure to assist a railway Investigation Branch Inspector when required to do so
09559,9559.0,"TEW Offences under Merchant Shipping (Safety of Navigation) Regulations 2002 Sch.4 PP.2 - 6, 9 - 11, 15 & 17 - 19"
09560,9560.0,Failure to comply with a condition of a marine licence
09561,9561.0,Knowingly making false or misleading or reckless statement or intentionally failing to disclose information - Marine and Coastal Access Act 2009
09562,9562.0,Offences in relation to enforcement officers - Marine and Coastal Access Act 2009
09563,9563.0,Failure to comply with a notice to stop an activity causing or likely to cause environmental or health harm or interference - Marine and Coastal Access Act 2009
09564,9564.0,Failure to comply with an emergency safety notice - Marine and Coastal Access Act 2009
09565,9565.0,"With intent to deceive forging, altering, using, lending or allowing another to use or make a document resembling a notice, exemption, accessibility or approval certificate"
09566,9566.0,Reserved Legal Activity. Carrying on or wilfully pretending or falsely implying a person is entitled etc. to carry on when not entitled.
09567,9567.0,Owner or master contravening regulations under R.13(1)(a) - (c)
09568,9568.0,Failure to comply with a marine activity compliance notice
09569,9569.0,Failure to comply with a marine activity remediation notice
09570,9570.0,"Disclose or use financial resources information in contravention of regulations - Legal Aid, Sentencing and Punishment of Offenders Act 2012"
09571,9571.0,Wrongfully use or disclose restricted information concerning administration of justice
09572,9572.0,TEW offences contrary to the Financial Services Act 2012.
09573,9573.0,Disclose information relating to a persons identity without prior consent of Commissioners
09574,9574.0,TEW offenders under the Port Security Regulations 2009
09581,9581.0,Fishing vessel owner breaches terms of an exemption granted by the Secretary of State
09582,9582.0,TEW offences under Ukraine (European Union Financial Sanctions) (No. 2) Regulations 2014
09584,9584.0,TEW offences under the Merchant Shipping (Safety of Navigation) Regulations 2020
09800,9800.0,Other indictable offences (new offence classes)   [Use this code only if you are unable to determine which subcoded Offence applies]
09801,9801.0,"Possession or having control of false documents, etc. with intention of causing a third party to believe that the person in possession of the documentation or another person is a licensed gangmaster"
09802,9802.0,TEW offences under the Adoption Act 1976
09803,9803.0,TEW offences under the Adoption and Children Act 2002
09804,9804.0,TEW offences under the Aviation and Maritime Security Act 1990
09805,9805.0,TEW offences under the Producer Responsibility Obligations (Packaging Waste) Regulations 2007
09806,9806.0,Ill-treatment or wilful neglect of a person lacking capacity by anyone responsible for that person's care
09807,9807.0,TEW offences under the Commissioners for Revenue and Customs Act 2005
09808,9808.0,TEW offences under the Pensions Act 2005
09809,9809.0,TEW offences under the Education Act 2005
09810,9810.0,TEW offences made under the Medicines (Traditional Herbal Medicinal Products for Human Use) Regulations 2005 [SI 2750/2005]
09811,9811.0,TEW offences made under the Medicines (Homeopathic Medicinal Products for Human Use) Amendment Regulations 2005 [SI 2753/2005]
09812,9812.0,Offences in relation to certain dangerous articles - Aviation Security Act 1982
09813,9813.0,TEW offences made under these Regulations - Transmissible Spongiform Encephalopathies Regulations 2006 and Transmissible Spongiform Encephalopathies (No.2) Regulations 2006. All TEW offences under Transmissible Spongiform Encephalopathies (England) Regulations 2010
09814,9814.0,TEW offences made under these Regulations - Products of Animal Origins (Third Country Imports) (England) Regulations 2006 and Animal and Animal Products (Import and Export) Regulations 2004
09815,9815.0,Indictable offences under this Act - Civil Partnership Act 2004
09816,9816.0,TEW offences under Civil Partnership Act 2004
09817,9817.0,TEW offences Ship and Port Facility (Security) Regulations 2004
09818,9818.0,Knowingly being concerned in supply etc. of restricted goods with intent to evade A.3(1) or 4 prohibition or restriction - Trade in goods (Control) Order 2003
09819,9819.0,Knowingly being concerned in supply etc. of restricted goods with intent to evade A.3(2) or 4 prohibition or restriction - Trade in goods (Control) Order 2003
09820,9820.0,Failure to comply with condition of licence or obligation under AA.6 or 7 - Trade in goods (Control) Order 2003
09821,9821.0,Accepting or obtaining for self or another gift or money as inducement or reward for procuring or assisting in the grant of an title or honour
09822,9822.0,TEW offences - Technical Assistance Control Regulations 2006
09823,9823.0,Failure to comply with S.18A enforcement notice - Aviation Security Act 1982
09824,9824.0,"Interference with buildings constructed on, work executed on or anything installed on or over land under S.18A notice - Aviation Security Act 1982"
09825,9825.0,TEW offences under Plant Protection Products Regulations 2005
09826,9826.0,"Knowingly being concerned in provision of technical assistance as defined in the 2005 Regulations etc. - Export of Goods, Transfer of Technology and Provision of Technical Assistance (Control) Order 2003"
09827,9827.0,TEW offences - Compensation Act 2006
09828,9828.0,"TEW offences - Export of Goods, Transfer of Technology and Provision of Technical Assistance (Control) Order 2003"
09829,9829.0,TEW Offences - Care Act 2000
09830,9830.0,Using data for unauthorised purpose; disclosing data to unauthorised person etc. TEW offences under Data Protection Act 1998
09831,9831.0,Prohibition of sale of medical practices
09832,9832.0,Failure to comply with control of maximum prices for medical supplies other than health service medicines
09833,9833.0,Seeking or offering to engage or being engaged in regulated activity from which barred
09834,9834.0,Knowing or having reason to believe an individual was barred from a regulated activity permitting them to engage in such activity
09835,9835.0,Knowingly supplying a barred individual to engage in regulated activity while acting or appearing to act for personnel supplier
09836,9836.0,"Establishing, installing or using a wireless telegraphy station or apparatus without a S.8 licence - Wireless Telegraphy Act 2006"
09837,9837.0,Possessing or controlling wireless telegraphy station or apparatus with intent for self or another to use it to contravene S.8 and S.35(2) - Wireless Telegraphy Act 2006
09838,9838.0,Having charge of premises knowingly causing or permitting or failing to prevent use of premises for unlawful broadcasting
09839,9839.0,Facilitating unauthorised broadcasting
09840,9840.0,"Sending or attempting to send false or misleading message by wireless telegraphy likely to endanger personal safety, ship, aircraft or vehicle"
09841,9841.0,Using apparatus for the purpose of interfering with wireless telegraphy
09842,9842.0,Broadcasting etc from a ship or aircraft while it is in or over the UK or external waters or from a British registered ship or aircraft while it is not in or over the UK or external waters
09843,9843.0,Broadcasting from structure or non-ship object affixed to or supported by a bed of waters
09844,9844.0,Ship owner or master making or procuring broadcast capable of receipt in UK or cause wireless telegraphy interference in UK from non-British registered ship in proscribed area of high seas
09845,9845.0,British person broadcasting from non-British ship or aircraft or structure or object while on high seas
09846,9846.0,"Managing, financing, operating or running a broadcasting station by which broadcasts are made contravening SS.77, 78, 79 or 80 - Wireless Telegraphy Act 2006"
09847,9847.0,Facilitating broadcasting from ships or aircraft
09848,9848.0,Facilitating broadcasting from structures or objects
09849,9849.0,"Repairing or maintaining wireless apparatus knowing that broadcasts are to be made contrary to SS.77, 78, 79 or 80 - Wireless Telegraphy Act 2006"
09850,9850.0,Offences relating to unlawful broadcasts
09851,9851.0,Procuring person in UK to commit a S.82-85 offence abroad - Wireless Telegraphy Act 2006
09852,9852.0,Disclosing information in contravention of S.111 - Wireless Telegraphy Act 2006
09853,9853.0,Bringing or causing another to bring child into UK in non-compliance with condition specified in regulations made under S.12(1) - Children and Adoption Act 2006
09856,9856.0,Disclosing debtor information without authority
09863,9863.0,Failure to comply with articles listed in the Schedule relating to shark fins - Sea Fishing (Prohibition on Removal of Shark Fins) Order 2007
09864,9864.0,"Failure to comply with or preventing other person complying with a requirement imposed by a British sea-fishery officer, or assaulting or obstructing a British sea-fishery officer exercising powers under this order"
09865,9865.0,TEW offences under Protection of Wrecks Act 1973
09866,9866.0,Organisation convicted of corporate manslaughter/homicide fail to comply with remedial order
09867,9867.0,Organisation convicted of corporate manslaughter/homicide fail to comply with order to publish particulars of offence
09869,9869.0,Offence committed by licence holder - storage of carbon dioxide
09870,9870.0,Prohibition on use of site in absence of approved programme - nuclear sites: decommissioning and clean-up
09871,9871.0,Offence of failure to comply with approved programme - nuclear sites: decommissioning and clean-up
09872,9872.0,"Contravention of or causing or permitting another person to contravene any of Regulations 3-5, 8 or 9 - Ecodesign for Energy-Related Products Regulations 2010"
09873,9873.0,Intentionally encouraging or assisting commission of an either way offence - Serious Crime Act 2007
09874,9874.0,Intentionally encouraging or assisting commission of an indictable offence (other than Murder) - Serious Crime Act 2007
09875,9875.0,Encouraging or assisting in the commission of an either way offence believing it will be committed - Serious Crime Act 2007
09876,9876.0,Encouraging or assisting in the commission of an indictable offence believing it will be committed (other than Murder) - Serious Crime Act 2007
09877,9877.0,"Encouraging or assisting in the commission of one or more summary, either way, or indictable offences (other than murder) believing it/they will be committed - Serious Crime Act 2007"
09878,9878.0,Offences of carrying on unlicensed activities - importation and storage of combustible gas
09879,9879.0,Offence committed by licence holder - importation and storage of combustible gas
09880,9880.0,Offences of carrying on unlicensed activities - storage of carbon dioxide
09881,9881.0,Failure to comply with enforcement of Schedule 1 (ear tags) - Cattle Identification Regulations 2007
09882,9882.0,Failure to comply with enforcement of Schedule 2 (registration of cattle ) - Cattle Identification Regulations 2007
09883,9883.0,Failure to comply with enforcement of Sch.3 Pt.1 (passports) - Cattle Identification Regulations 2007
09884,9884.0,Failure to comply with enforcement of Sch.3 Pt.2 (movement using passports) - Cattle Identification Regulations 2007
09885,9885.0,Failure to comply with enforcement of Sch.4 (notification of movement or death) - Cattle Identification Regulations 2007
09886,9886.0,Failure to comply with enforcement of Sch.5 (records) - Cattle Identification Regulations 2007
09887,9887.0,TEW offences under Wine Regulations 2009
09888,9888.0,TEW offences under Sea Fisheries Act 1968
09889,9889.0,"Offences of damaging etc protected features of MCZs, With intent to deceive falsely pretending to be an enforcement officer under the Act - Marine and Coastal Access Act 2009"
09890,9890.0,Conservation of Whales- various TEW offences
09891,9891.0,"Contravening the law relating to the regulation and control of fishing for salmon, trout, freshwater fish and eels, the protection and conservation of fisheries for such fish, the times of fishing for the selling such fish b.  Sec 27 (instrument other than rod and line) Secs 4, 5"
09892,9892.0,"Fishing with, or possessing for  fishing prohibited instruments"
09893,9893.0,Breach EU regulation 1007/2009 in relation to seal meat/oil/blubber/organ/skins
09894,9894.0,Various TEW offences under these regulations
09895,9895.0,"Fish / take fish by other than licensable means in circumstances where fish / taking may or may not be authorised, or possess unlicensed instrument with intent to fish / take fish or without a S27A authority"
09896,9896.0,Various TEW offences under these regulations
09898,9898.0,TEW offences against the Invasive Alien Species (Enforcement and Permitting) Order 2019
09900,9900.0,Other indictable offences    [Use this code only if you are unable to determine which subcoded Offence applies]
09901,9901.0,Incitement to sedition etc.
09902,9902.0,Intentionally or recklessly removing or causing or permitting the removal of a hedgerow
09903,9903.0,Offences relating to the purchase and sale of specimens listed in Annex A to Council Regulations (EC) No 338/97
09904,9904.0,Keeping disorderly houses
09905,9905.0,"Bribery, treating and undue influence"
09906,9906.0,Personation
09907,9907.0,"Offences relating to offering, promising or giving bribes"
09908,9908.0,"Offences relating to requesting, agreeing to receive and accepting bribes"
09909,9909.0,Bribery of foreign public officials
09910,9910.0,Commercial organisation - failure to prevent associate bribing another with intent to obtain or retain business or advantage
09911,9911.0,Soliciting or receiving bribe or giving or offering bribe
09912,9912.0,Misconduct in a public office by act or omission
09913,9913.0,Contravening or knowingly causing or permitting the contravention of Regulation 12(1) - Environmental Permitting (England and Wales) Regulations 2010
09914,9914.0,Failure to comply and provide accurate information under permit conditions - Environmental Permitting (England and Wales) Regulations 2010
09915,9915.0,Provision of postal services in contravention of restrictions
09916,9916.0,Unlawful disclosure of information; providing false information - Postal Services Act 2011
09919,9919.0,TEW offences - Trade in Animals and Related Products Regulations 2011
09920,9920.0,Offences relating to the introduction of new species
09921,9921.0,Removing or disturbing limestone on designated land
09922,9922.0,TEW offences - Sea Fishing (Enforcement of Community Control Measures) Order 2000
09923,9923.0,Fraudulent evasion of duty etc - Customs and Excise Management Act 1979
09924,9924.0,Fraudulent evasion of duty etc - Betting and Gaming Duties Act 1981
09925,9925.0,Knowingly holding another person in slavery or servitude
09926,9926.0,Knowingly requiring another person to perform forced or compulsory labour
09928,9928.0,Fraudulent evasion of duty etc - Insurance Companies Act 1982
09929,9929.0,Assisting offender (offences triable on indictment only)
09930,9930.0,Assisting offender (offences triable either-way)
09931,9931.0,Unauthorised person acting as or purporting to be an air traffic controller or student air traffic controller
09932,9932.0,Unauthorised disclosure of information about a prisoner
09933,9933.0,Air traffic controllers - triable either way offences
09934,9934.0,Failure to possess a licence or to obey conditions of Licence (offence against regulations made under this Section - Activity Centres (Young Persons) Act 1995 S.2(1)(a))
09935,9935.0,Making a statement to the licensing authority (or someone acting on their behalf) which is false in a material particular (offence against regulations made under this Section - Activity Centres (Young Persons) Act 1995 S.2(1)(b))
09936,9936.0,Offences relating to chemical weapons
09937,9937.0,Offences relating to the Disability Discrimination Act 1995 and Regulations made under it (TEW and Indictable offences)
09938,9938.0,Conspiring in the U.K. to commit crimes overseas (TEW offences)
09939,9939.0,Disqualified Person knowingly applying etc. for work in a regulated position
09940,9940.0,Person knowingly offers work in a regulated position to a disqualified person
09941,9941.0,Giving false or misleading information - Nuclear Safeguards Act 2000 S.7
09942,9942.0,"Offences under Sections 3, 4, 5, 8 and 9 of the Nuclear Safeguards Act 2000"
09943,9943.0,Drunkenness in aircraft (including drugs)
09944,9944.0,TEW offences - except Article 65 - Air Navigation Order 2000 Article 122(6); Sch.12(B)
09945,9945.0,Health and Safety Regulations made under Merchant Shipping Act 1995
09946,9946.0,Disclosure of information for enforcing warrants - Magistrates' Courts Act 1960 S.125(c) as added by Access to Justice Act 1999
09947,9947.0,Restriction on disclosure - Nuclear Safeguards Act 2000
09948,9948.0,Areas of special scientific interest - Wildlife & Countryside Act 1981 S.28P as added by the Countryside & Rights of Way Act 2000 Sch.9
09949,9949.0,Enforcement; wildlife inspectors: falsely pretending to be wildlife inspector.
09950,9950.0,Contravening or failing to comply with direction or making a disclosure in contravention of a direction made in the interest of national security etc.
09951,9951.0,Providing particulars or recklessly providing particulars which are known are false in a material particular way
09952,9952.0,"Contravening or failing to comply with a direction given in times of severe international tension, great national emergency or actual or imminent hostilities"
09953,9953.0,Knowingly giving false information or false statement in connection with this Part of the Act - Transport Act 2000 S.101
09954,9954.0,Prohibition on disclosure of information gained under this Part of the Act - Transport Act 2000 S.102 Sch.9(5)
09955,9955.0,Regulations made under Section 247 Transport Act 2000 (TEW offences)
09956,9956.0,"Unlawful intercepting of a postal, public or private telecommunications scheme"
09957,9957.0,Fail to give effect to an interception warrant
09958,9958.0,Unlawful disclosure of details of interception warrant
09959,9959.0,Fail to disclose key to protected information
09960,9960.0,"Disclosing details of Section 49 Notice, Regulation of Investigatory Powers Act 2000"
09961,9961.0,"TEW offences - Political Parties, Elections and Referendums Act 2000"
09962,9962.0,All TEW offences made under BSE Regulations
09963,9963.0,Using unlicensed security operative
09964,9964.0,Using unlicensed wheel clampers
09965,9965.0,Right to use approved status - Private Security Industry Act 2001
09966,9966.0,Imposition of requirements for approval - Private Security Industry Act 2001
09967,9967.0,All TEW offences made under Foot and Mouth Regulations
09968,9968.0,Leaving the UK when prohibited by Travel Restriction Order
09969,9969.0,Failure to return after a suspension (Travel Restriction Order)
09970,9970.0,TEW offences (except Article 65) under Air Navigation (Overseas Territories) Order 2001
09971,9971.0,TEW offences under Telecommunications Act 1984
09972,9972.0,TEW regulations made under Part 8 - Anti-Terrorism Crime and Security Act 2001
09973,9973.0,"Regulations may create a criminal offence - direction under SS.12-14 - Aviation Security Act 1982 S.20A (3)(c) & (4)(a) as added by Anti-Terrorism, Crime and Security Act 2001 S.85"
09974,9974.0,Failing to comply with a requirement of a detention direction or intentionally obstructing a person acting in accordance with ss.3 - authorised person ensuring aircraft does not fly
09975,9975.0,Placing in a woman a human embryo which has been created otherwise than by fertilisation
09976,9976.0,"Carry on a regulated activity when not an authorised or exempt person. In the course of business communicate an invitation or inducement to engage in an investment activity. Offer or request admission of transferable securities to UK public when an approved prospectus was not made available. Doing, causing or permitting the falsification, concealment, destruction or disposal of a document during a Part XI investigation or providing false or misleading information. Contravention of provisions for giving notice to the FSA of intention to acquire, increase, reduce or cease control over UK authorised person. Making an acquisition in contravention of a warning, decision or final notice. Contravention of consumer credit restrictions. Disclosing information in contravention of SS.348 or 350(5). UK firm exercise European Economic Area right to provide services when no notice given to Financial Services Authority. - Financial Services and Markets Act 2000"
09977,9977.0,Re-programming mobile telephones etc
09978,9978.0,Possession or supply of anything used for re-programming purposes
09979,9979.0,Recklessly or negligently acting in a manner likely to endanger an aircraft or any person therein
09980,9980.0,Recklessly or negligently causing or permitting an aircraft to endanger any person or property
09981,9981.0,Delaying or opening postal packet or mailbag
09982,9982.0,All other TEW offences - Postal Services Act 2000 (except SS.83 and 85)
09983,9983.0,Prohibition on sending by post of certain articles
09984,9984.0,TEW offences - Consumer Credit Act 1974 (except S.39)
09985,9985.0,Engaging in activities requiring a licence - Consumer Credit Act 1974
09986,9986.0,Ill treatment of patients
09987,9987.0,Assisting patients to absent themselves without leave etc.
09988,9988.0,"TEW offences - Railways and Transport Safety Act 2003 except 5/25(S.92,S.95),7/13(S.78), 95/15 (S.10);"
09989,9989.0,TEW offences - Communications Act 2003 except SS.125 and 126
09990,9990.0,Dishonestly obtaining electronic communications services
09991,9991.0,Possession or supply of apparatus for contravening Section 125 - Communications Act 2003
09992,9992.0,Failure to comply with requirements of work notice.
09993,9993.0,TEW offences under Water Industry Act 1991. Disclosing matter contrary to notice of Secretary of State that disclosure would be against national security
09994,9994.0,"Dishonestly dealing in a cultural object that is tainted, knowing or believing that the object is tainted"
09995,9995.0,TEW offences under The Horse Passports (England) Regulations 2003 & Horse Passports Regulations 2009
09996,9996.0,TEW offences under Animal & Animal Products (Import & Export) Regulations 2004 & Animal and Animal Products (Import and Export) (No.2) Regulations 2004 R.33
09997,9997.0,TEW offences - Common Agricultural Policy (Protection of Community Arrangements) Regulations 1992
09998,9998.0,Acting as a gangmaster in contravention of Section 6 (prohibition of unlicensed activities)
09999,9999.0,Other offences (specify offence and Act and Section (or Common Law) under which proceedings were taken)
10100,10100.0,"Adulteration of food, drugs, etc    [Use this code only if you are unable to determine which subcoded Offence applies]"
10102,10102.0,All offences under Agriculture Act 1970
10106,10106.0,All offences under Plant Varieties and Seeds Act 1964 as amended by the Agriculture (Miscellaneous Provisions) Act 1968.
10107,10107.0,All offences under Food Safety Act 1990 S.33(1) or (b) & 35(1)
10108,10108.0,All offences under The Organic Farming Regulations 1999 Reg.19 (SI 590/99) and The Organic Farming Scheme (Wales) Regulations 2001 Reg.19 (SI 424/2001)
10109,10109.0,All summary offences under The Organic Products Regulations 2004
10110,10110.0,Failure to comply with specified Community provision referred to in Part II of the Schedule - Genetically Modified Animal Feed (England) Regulation 2004 Reg. 5(2) Sch Pt II (S.I 2334/2004)
10111,10111.0,Contravention of a notice under sub-paragraph 8(2)(a) - Genetically Modified Animal Feed (England) Regulation 2004 Regs. 5(3) & 8(2) (S.I 2334/2004)
10112,10112.0,Failure to comply with specified Community provision referred to in Part II of the Schedule - Genetically Modified Animal Feed (England) Regulation 2004 Reg. 5(2) Sch Pt II (S.I 2334/2004)
10120,10120.0,"Adulteration of food, drugs, etc - other similar offences"
10300,10300.0,Aggravated assaults
10400,10400.0,Assault    [Use this code only if you are unable to determine which subcoded Offence applies]
10401,10401.0,"Assault on constable - Vagrancy Act 1824 s. 4, 5 and 11 (1963)"
10402,10402.0,Assault on constable - Special Constables Act 1831 s. 11 (1963)
10404,10404.0,Assault on constable - Canals (Offences) Act 1840 s. 6 (1963)
10405,10405.0,Assault on constable - Town Police Clauses Act 1847 s. 20 (1963)
10406,10406.0,Assault on constable - Metropolitan Police Act 1861 s. 3 (1963)
10407,10407.0,"Assault on constable - Prevention of Crimes Act 1871, s. 12 (1963)"
10408,10408.0,Assault on constable - Municipal Corporations Act 1882 s. 195 (1963)
10409,10409.0,Assault on constable - Prevention of Crimes Amendment Act 1885 s. 2 (1963)
10420,10420.0,Assault on constable - Offences against similar provisions in Local Acts (1963)
10422,10422.0,Assault on constable - Special Constables Act 1831 (1964)
10423,10423.0,Assault on a constable
10424,10424.0,Assault on constable - Canals (Offences Act) 1840 (1964)
10425,10425.0,Assaulting a designated person or his assistant in the exercise of a relevant power
10426,10426.0,Assault on constable - Metropolitan Police Act 1861 s. 3 (1964-)
10427,10427.0,Assault on constable - Prevention of Crimes Act 1871 s. 12 (1964)
10428,10428.0,Assault on constable - Municipal Corporations Act 1882 s. 195 (1964)
10430,10430.0,Assault on constable: Offences against similar provisions in Local Acts
10431,10431.0,Offences under Vagrancy Act 1824 SS.4 and 5
10433,10433.0,Resisting or obstructing a constable in execution of duty - offences under the Police Act 1996
10435,10435.0,Resisting or wilfully obstructing a designated person or his assistant in exercise of such power
10436,10436.0,Assaulting a member of a joint investigation team carrying out his functions as a member of that team
10437,10437.0,Obstructing a person in the exercise of any rights conferred by a warrant under S.66 - power to enter and seize documents
10438,10438.0,Resisting or wilfully obstructing a member of a joint investigation team carrying out his functions as a member of that team
10439,10439.0,Assaulting or obstructing a Customs or Revenue officer
10440,10440.0,Assault: Offences against similar provisions in Local Acts
10442,10442.0,Body fail to comply with a community protection notice [sic]
10444,10444.0,Fail to comply with a public spaces protection order
10445.0,10445.0,Fail to comply with requirement not to consume / surrender alcohol
10500,10500.0,Common assaults etc    [Use this code only if you are unable to determine which subcoded Offence applies]
10501,10501.0,Common assault and battery
10502,10502.0,"Assaults to prevent sale of corn, Assaults to hinder seamen from working, Assaults upon County Court Officers, Assaults punishable under special enactments and not falling under other headings"
10503,10503.0,"Assaulting, resisting or obstructing a person assisting a constable"
10504,10504.0,Assaulting a prisoner custody officer or custody officer (STC). Assaulting a custody officer
10505,10505.0,Resisting or wilfully obstructing a prisoner custody officer or custody officer (STC). Resisting or wilfully obstructing custody officer
10506,10506.0,Assaulting a court security officer
10507,10507.0,Resisting or wilfully obstructing a court security officer
10508,10508.0,"Assaulting a designated or accredited person, or person assisting him or her, in the execution of his or her duty"
10509,10509.0,"Resisting or wilfully obstructing a designated or accredited person, or person assisting, in the execution of his or her duty"
10510,10510.0,Assaulting a traffic officer
10511,10511.0,Resisting or wilfully obstructing a traffic officer in the execution of his duty
10512,10512.0,Assault a designated immigration officer exercising section 2 detention powers
10513,10513.0,Assault an immigration officer
10514.0,10514.0,Assault an NCA officer or a member of an NCA-led team acting or assisting in the exercise of an operational power
10515.0,10515.0,Resist or wilfully obstruct an NCA officer or a member of an NCA-lead team acting or assisting in the exercise of an operational power
10516.0,10516.0,Assault a supreme court security officer
10517.0,10517.0,Resist or wilfully obstruct a supreme court security officer
10521,10521.0,Assault a custody officer performing custodial duties at a contracted-out secure college
10522,10522.0,Resist / wilfully obstruct custody officer performing contracted-out functions at directly managed secure college
10523,10523.0,Assault custody officer performing contracted-out functions at directly managed secure college
10524,10524.0,Obstruct police / customs officer executing a drug-cutting agent search and seizure warrant
10525,10525.0,Assault/resist or wilfully obstruct appropriate person acting in exercise of relevant power
10600,10600.0,"Betting, Gaming and Lotteries    [Use this code only if you are unable to determine which subcoded Offence applies]"
10602,10602.0,For purpose of effecting a betting transaction resorting to premises being used in contravention of sub-section (1)
10604,10604.0,Agent of bookmaker or Totalisator Board to be Authorised and Registered Person acting in contravention of Section 3
10605,10605.0,Contravention of requirement to keep a register in prescribed form
10606,10606.0,Refusal etc: to produce register for examination by a Constable
10607,10607.0,"Conduct of licensed betting offices, Contravention of rules"
10608,10608.0,"Drunken, violent, disorderly person etc; refuses or fails to leave premises when requested (licensed betting office)"
10609,10609.0,Obstructing Constable from entering licensed betting office
10610,10610.0,Publishing advertisement other than in a licensed betting office or premises giving access to such office
10611,10611.0,Having betting transaction with young person
10612,10612.0,Knowingly employing disqualified person in a betting agency
10613,10613.0,Refusal or failure to produce bookmaker's permit on request by a Constable
10620,10620.0,Making a false statement in application for permit or Betting Office Licence
10621,10621.0,Failing to notify change in directors to appropriate authority and Officer of police
10623,10623.0,"Sending circulars to person under 21 years of age, inviting bets"
10624,10624.0,"Frequenting or loitering in a street etc for purpose of bookmaking, betting etc"
10629,10629.0,Refusal to produce betting agency permit on request by a constable
10630,10630.0,"Employing young person in effecting betting transaction, or in a licensed betting office, or betting through a young person"
10631,10631.0,Obstructing constable from entry on track
10632,10632.0,Disclosing information concerning bookmaker
10636,10636.0,Contravention of any provisions of Schedule 5 - totalisators on Dog Racecourses. Obstructing any empowered person; neglecting or refusing to give information; giving false or misleading information
10643,10643.0,Special provisions with respect to charges to bookmakers and occupiers of tracks not to have an interest in bookmaking thereon
10644,10644.0,Failure to supply accounts and send copies of audited accounts to Gaming Board
10645,10645.0,"Obstructing, failing to co-operate with supervising accountant or technical adviser or supplying false or misleading information"
10646,10646.0,Provision of facilities for gambling unless authorised by an operating licence or covered by a specific exception.
10647,10647.0,Use of premises for gambling without a licence
10648,10648.0,"Manufacturing, supplying, installing or adapting, in the course of a business, computer software for remote gambling without an operating licence"
10649,10649.0,"Inviting another to join, or participating in promotion, administration or management of a chain-gift scheme"
10650,10650.0,Inviting children and young persons to gamble; participation by young persons in gambling. (People under 18 are not allowed to gamble)
10651,10651.0,Invitation to enter premises; young persons entering premises. (Child and young person may not enter gambling premises)
10652,10652.0,Provision of facilities for gambling; young person providing facilities for gambling
10653,10653.0,Employment offences: employing children and young persons to provide facilities for gambling
10654,10654.0,"Invitation to participate in lottery: inviting, causing or permitting a child to take part in a lottery"
10655,10655.0,"Invitation to participate in football pools: inviting, causing or permitting a child to take part in football pools"
10656,10656.0,Return of stake: failure to return stake money to children or young persons
10657,10657.0,"Secretary of State may create offence of inviting, causing or permitting a child or young person below a specified age to use a Category D gaming machine"
10658,10658.0,"Operating Licence offences: production of licence, conviction or information"
10659,10659.0,Breach of personal licence condition - Gambling Act 2005
10660,10660.0,"Offences connected to gaming machines: making machine available for use; manufacture, supply etc. linked to machines"
10662,10662.0,Promotion of lottery: facilitating a lottery
10663,10663.0,Gaming in street
10664,10664.0,Gaming in any other place
10665,10665.0,"Holder of Licence, manager etc allowing person under 18 to take part in gaming"
10666,10666.0,Misusing profits of lottery or exempt lottery
10667,10667.0,Small lottery: breach of conditions
10668,10668.0,Misusing profits of non-commercial prize gaming
10669,10669.0,All regulations controlling the advertising of gambling
10670,10670.0,Advertising unlawful gambling
10671,10671.0,Advertising foreign gambling other than a lottery
10672,10672.0,Giving false or misleading information to the Gambling Commission or licensing authority
10673,10673.0,Forfeiture - failure to comply with forfeiture order
10681,10681.0,False statement for purpose of obtaining a certificate of approval under Section 19 of the Act or reinstatement of same after revocation by the Board
10686,10686.0,"Holder of licence fails to admit Inspector or Constable, fails to permit inspection of premises or machines etc; or produce books or documents or furnish information"
10687,10687.0,Holder of licence etc not complying with any requirement imposed in relation to any premises by a notice served by virtue of sub-sections (6) or (7) of this Section - Gaming Act 1968
10688,10688.0,All other summary offences not included above - Gambling Act 2005
10699,10699.0,"Betting, Gaming and Lotteries - Any other similar offences"
10700,10700.0,Brothel keeping    [Use this code only if you are unable to determine which subcoded Offence applies]
10701,10701.0,Keeping a brothel
10702,10702.0,Letting premises for use as a brothel
10703,10703.0,Tenant permitting premises to be used as brothel
10704,10704.0,Tenant permitting premises to be used for prostitution
10705,10705.0,Keeping a brothel for homosexual practices
10706,10706.0,Letting premises for use as a brothel for homosexual practices
10707,10707.0,Tenant permitting premises to be used as a brothel for homosexual practices
10710,10710.0,Brothel keeping - similar provisions in Local Acts
10800,10800.0,Cruelty to animals    [Use this code only if you are unable to determine which subcoded Offence applies]
10801,10801.0,Experiments on living animals
10802,10802.0,Offences under Protection of Animals Act 1911 (as amended)
10803,10803.0,Confining a bird in a cage so that it cannot stretch its wings; shooting captive birds on release etc.
10804,10804.0,Offences under Performing Animals (Regulation) Act 1925
10805,10805.0,Offences by person engaged in lairaging of animals
10806,10806.0,Offences under Protection of Animals Act 1934. Summary offences under Animal and Animal Products (Import and Export) (England) Regulations 2006
10807,10807.0,Offences pertaining to occupier of slaughterhouse - Breach of Regulations- Welfare of Farmed Animals (England) Regulations 2007
10808,10808.0,Offences under Docking and Nicking of Horses Act 1949
10809,10809.0,Offences under Pet Animals Act 1951
10810,10810.0,Offences under Cockfighting Act 1952
10811,10811.0,Offences under Protection of Animals (Amendment) Act 1954
10812,10812.0,"Offences under Animal Health Act 1981 SS.40-42, 46 and 49 and Orders made under SS.8, 9, 37, 38, 39 and 43"
10813,10813.0,Offences under Slaughterhouses Act 1974
10814,10814.0,Offences under Abandonment of Animals Act 1960 S.1
10816,10816.0,Cruelty to Animals - Offences under other enactments
10817,10817.0,Offences under Animals (Cruel Poisons) Act 1962
10818,10818.0,Offences under Animal Boarding Establishments Act 1963
10819,10819.0,Offences under Riding Establishments Acts 1964 and 1970
10820,10820.0,Offences under Slaughter of Poultry Act 1967
10821,10821.0,"Offences under Agriculture (Miscellaneous Provisions) Act 1968 SS.1, 2 and 6"
10822,10822.0,Offences under Protection of Badgers Act 1992 (except Section 13)
10823,10823.0,Offences under Wildlife and Countryside Act 1981 S.9
10824,10824.0,Offences under Wildlife and Countryside Act 1981 S.11
10825,10825.0,Offences under Wild Mammals (Protection) Act 1996
10826,10826.0,Offences under Protection of Animals (Amendment) Act 2000 SS.3 & 4
10827,10827.0,Offences relating to fur farming - Fur Farming (Prohibition) Act 2000 S.1
10828,10828.0,Power of entry and enforcement - Fur Farming (Prohibition) Act 2000 S.4
10829,10829.0,"Causing, permitting or failing to prevent unnecessary suffering - Animal Welfare Act 2006. Breach of Regulations - Welfare of Farmed Animals (England) Regulations 2007"
10830,10830.0,"Carrying out, permitting, causing to be carried out or failing to prevent prohibited procedure on a protected animal"
10831,10831.0,Removing or causing or permitting or failing to prevent removal of dog's tail other than for medical treatment
10832,10832.0,Administration of poisons etc to a protected animal
10833,10833.0,Offences relating to animal fights
10834,10834.0,Failing to ensure needs of animal are met as required by good practice
10835,10835.0,Selling animal to person under 16
10836,10836.0,Carrying on activity without authority of S.13 licence or carrying on unregistered S.13 activity - Animal Welfare Act 2006
10837,10837.0,Breach of a disqualification imposed after conviction of specified offences
10838,10838.0,Failing to certify working dog before it is 3 months old; show dog with a removed tail; knowingly give false information to a vet concerning giving of S.6 certificate
10839,10839.0,Intentionally obstructing person exercising power conferred by this section relating to an animal in distress
10900,10900.0,Cruelty to or neglect of children    [Use this code only if you are unable to determine which subcoded Offence applies]
10901,10901.0,"Causing or allowing a person under 16 to take part in dangerous performance; causing or allowing the training of a person under 12, or without a licence a person under 16 to take part in a dangerous performance"
10902,10902.0,Offences in relation to taking children to nurse for reward
10903,10903.0,"Ill-treatment, neglect, exposure, etc of child or young person by person having custody of same"
10905,10905.0,Exposing child to risk of burning
10906,10906.0,Allowing child or young person to be in brothel
10907,10907.0,Neglecting to provide for safety of children at children's entertainment
10908,10908.0,Permitting child to be in verminous condition
10909,10909.0,"Ill-treatment, etc of illegitimate child"
11000,11000.0,"Diseases of Animals Acts, offences against    [Use this code only if you are unable to determine which subcoded Offence applies]"
11001,11001.0,"All offences under Animal Health Act 1981 (except cases of cruelty under SS.8, 9, 10(1), 13, 37 - 43 or Orders made thereunder, or offences relating to dogs under S.13 and all Orders and Regulations made by Local Authorities under the Act)."
11002,11002.0,Offences under The Bovine Spongiform Encephalopathy (Feeding Stuffs and Surveillance) Regulations 1999 (SI 882/99) and other BSE Regulations
11003,11003.0,All summary offences under Regulations made for foot & mouth disease
11004,11004.0,Registered keeper of cattle the subject of Article 21 notice moving an animal or animals onto or off a holding without a licence - Tuberculosis (England) Order 2007
11005,11005.0,Keeper of bovine animal failing to comply with a notice to have it tested for tuberculosis
11100,11100.0,"Dogs, offences in relation to    [Use this code only if you are unable to determine which subcoded Offence applies]"
11101,11101.0,Offences in relation to dogs under Town Police Clauses Act 1847 S.28(2-4)
11102,11102.0,Failure to comply with control order made under Dogs Act 1871 S.2. Failure to comply with destruction order made under Dogs Act 1871 S.1(1)(a). Having custody of dog in breach of disqualification order
11103,11103.0,Offences in relation to dogs under Dogs Acts 1906 to 1928
11104,11104.0,"Offences against Control of Dogs Order 1992, made under SS.13, 72 and 75 of the Animal Health Act 1981 and Regulations made by Local Authorities under such Orders"
11105,11105.0,Offences in relation to dogs under Dogs (Protection of Livestock) Act 1953
11106,11106.0,Offences in relation to dogs under Road Traffic Act 1988 S.27
11107,11107.0,Offences in relation to dogs under Breeding of Dogs Act 1973
11108,11108.0,Offences in relation to dogs under Breeding of Dogs Act 1991
11110,11110.0,Offences in relation to dogs under Local Acts and Byelaws
11111,11111.0,Offences in relation to dogs under Environmental Protection Act 1990 S.150
11112,11112.0,Offences in relation to dogs under Dangerous Dogs Act 1991 S.1(2)(a) & (7)
11113,11113.0,Offences in relation to dogs under Dangerous Dogs Act 1991 S.1(2)(b) & (7)
11114,11114.0,Offences in relation to dogs under Dangerous Dogs Act 1991 S.1(2)(c) & (7)
11115,11115.0,Offences in relation to dogs under Dangerous Dogs Act 1991 S.1(2)(d) & (7)
11116,11116.0,Offences in relation to dogs under Dangerous Dogs Act 1991 S.1(2)(e) & (7)
11117,11117.0,Offences in relation to dogs under Dangerous Dogs Act 1991 S.1(3) & (7)
11118,11118.0,Offences in relation to dogs under Dangerous Dogs Act 1991 S.3(1)
11119,11119.0,Offences in relation to dogs under Dangerous Dogs Act 1991 S.3(3)
11120,11120.0,Offences in relation to dogs under Dangerous Dogs Act 1991 S.4(8) and Protection of Badgers Act 1992 S.13
11121,11121.0,Offences in relation to dogs under Dogs (Fouling of Land) Act 1996 S.3
11122,11122.0,Offences in relation to dogs under Breeding and Sale of Dogs (Welfare) Act 1999 SS.8 & 9(1)
11123,11123.0,Offences in relation to dogs under Breeding and Sale of Dogs (Welfare) Act 1999 SS.9(6)& 9(7)
11124,11124.0,Offences in relation to dogs under Disability Discrimination Act 1995 S.37A as added by Private Hire Vehicles (Carriage of Guide Dogs etc.) Act 2002 S.1
11125,11125.0,Unknown dogs offence - to be checked further
11200,11200.0,"Education Acts, offences against    [Use this code only if you are unable to determine which subcoded Offence applies]"
11201,11201.0,Offences against the Education Acts 1944-2002
11203,11203.0,Failure to secure regular attendance at school
11204,11204.0,Parent knows that child is failing to attend school regularly and fails without reasonable justification to cause him or her to attend school
11205.0,11205.0,Obstructing a school inspection
11206,11206.0,Failure to comply with requirements of regulations - Early Years Foundation Stage (Welfare) Regulations 2012
11300,11300.0,Offences against Explosives Acts 1875 and 1923 (except S.80 of the Explosives Act 1875) and Orders in Council and Rules thereunder. Offences against restrictions relating to the manufacture of fireworks. Offences against Orders made under the Emergency Laws (Miscellaneous Provisions) Act 1953
11400,11400.0,Financial    [Use this code only if you are unable to determine which subcoded Offence applies]
11401,11401.0,Summary offences Financial Services and Markets Act 2000
11500,11500.0,Offences against the Firearms Act 1968 and other Firearms Acts    [Use this code only if you are unable to determine which subcoded Offence applies]
11504,11504.0,Non-compliance with condition of Firearm Certificate
11506,11506.0,Non-compliance with condition of shotgun certificate - (Group II)
11518,11518.0,Non-compliance with condition of Secretary of State authority - (Group I)
11519,11519.0,Non-compliance with requirement to surrender authority to possess etc prohibited weapon or ammunition - (Group I)
11520,11520.0,Contravention of order under Section 6 etc restricting removal of arms - (Group I)
11521,11521.0,Making false statement in order to obtain police permit - (Group I)
11522,11522.0,Making false statement in order to obtain police permit - (Group II)
11525,11525.0,Making false statement in order to obtain permit for removal of signalling apparatus - (Group I)
11528,11528.0,Carrying loaded or unloaded imitation firearm or air weapon in public place etc - (Group III).
11531,11531.0,Trespassing with firearm in a building - (Group III).
11532,11532.0,Trespassing with firearm on land - (Group I).
11533,11533.0,Trespassing with firearm on land - (Group II).
11534,11534.0,Trespassing with firearm on land - (Group III).
11540,11540.0,Unknown offence presumed to be firearms
11541,11541.0,Person under 17 acquiring firearm - (Group I).
11542,11542.0,Person under 17 acquiring firearm - (Group II)
11543,11543.0,Person under 18 acquiring firearm - (Group III)
11544,11544.0,"Person under 14 having firearm in his possession, without lawful authority - (Group I)"
11545,11545.0,Person under 15 having with him a shotgun without adult supervision - (Group II)
11546,11546.0,Person under 18 having with him an air weapon or ammunition therefor - (Group III)
11547,11547.0,Person under 17 having with him an air weapon in a public place - (Group III).
11548,11548.0,Person under 17 making improper use of air weapon when under supervision - (Group III)
11549,11549.0,"Person supervising person under 17, permitting improper use of air weapon - (Group III)"
11550,11550.0,Selling or letting on hire a firearm to person under 17 - (Group I)
11551,11551.0,Selling or letting on hire a firearm to person under 17 - (Group II)
11552,11552.0,Selling or letting on hire a firearm to person under 18 - (Group III)
11553,11553.0,Supplying firearm or ammunition (being of a kind to which Section 1 of the Act applies) to person under 14 - (Group I)
11554,11554.0,Making gift of shotgun to person under 15 - (Group II)
11555,11555.0,Supplying air weapon to person under 18 - (Group III)
11556,11556.0,Supplying firearm to person drunk or insane - (Group I)
11557,11557.0,Supplying firearm to person drunk or insane- (Group II)
11558,11558.0,Supplying firearm to person drunk or insane - (Group III)
11559,11559.0,Making false statement in order to procure grant or renewal of a firearm certificate - (Group I)
11560,11560.0,Making false statement in order to procure grant or renewal of shot gun certificate - (Group II)
11561,11561.0,Making false statement in order to procure variation of a firearms certificate - (Group I)
11562,11562.0,"Failing to surrender firearm certificate, firearm or ammunition on revocation of certificate - (Group I)"
11563,11563.0,"Failing to surrender shotgun certificate, shotgun or ammunition on revocation of certificate - (Group II)"
11564,11564.0,Failure to surrender certificate of registration on removal of firearm dealer's name from register
11565,11565.0,Making false statement in order to secure registration or entry in register of a place of business
11566,11566.0,Registered firearms dealer having place of business not entered in the register
11567,11567.0,Non-compliance with condition of registration - Firearms Act 1968
11568,11568.0,Non-compliance by firearms dealer with provisions as to register of transactions; making false entry in register
11569,11569.0,Obstructing constable or civilian officer in exercise of search powers
11570,11570.0,Failure to hand over firearm or ammunition on demand by constable - (Group I)
11571,11571.0,Failure to hand over firearm or ammunition on demand by constable - (Group II)
11572,11572.0,Failure to hand over firearm or ammunition on demand by constable - (Group III)
11573,11573.0,Failure to comply with requirement of a constable that a person shall declare his name and address (Group I)
11574,11574.0,Failure to comply with requirement of a constable that a person shall declare his name and address - (Group II)
11575,11575.0,"Failure to give constable facilities for examination of firearms in transit, or to produce papers - (Group I)"
11576,11576.0,Failure to surrender firearm certificate cancelled by court on conviction - (Group I)
11577,11577.0,Failure to surrender shot gun certificate cancelled by court on conviction - (Group II)
11578,11578.0,"Selling, letting on hire, giving or lending a shotgun. Failing to comply with the terms of the section - (Group II)"
11579,11579.0,Selling shotgun ammunition to unauthorised person - (Group II)
11580,11580.0,"Auctioneer, carrier or warehouseman failing to keep firearms and ammunition safe. Failing to report loss or theft"
11581,11581.0,"Auctioneer, carrier or warehouseman failing to keep firearms and ammunition safe. Failing to report loss or theft - (Group II)"
11582,11582.0,Making false statement to obtain a visitor's permit - (Group I)
11583,11583.0,Failing to comply with conditions on a visitor's permit - (Group I)
11584,11584.0,Making false statement to obtain a visitor's permit - (Group II)
11585,11585.0,Failing to comply with conditions on a visitor's permit - (Group II)
11586,11586.0,Firearms dealer failing to inform police of sale of firearm for export - (Group I)
11587,11587.0,Firearms dealer failing to inform police of sale of firearm for export - (Group II)
11588,11588.0,Failing to report a transaction authorised by a visitor's shotgun permit - (Group II)
11590,11590.0,Obstructing a constable entering or inspecting an approved rifle/pistol club - (Group I)
11591,11591.0,Making a false statement to obtain or not complying with museum licence; Failing to surrender a revoked museum licence
11592,11592.0,Making a false statement to obtain a permit to auction firearms etc - (Group I)
11593,11593.0,Making a false statement to obtain a permit to auction firearms etc - (Group II)
11594,11594.0,Failure to transfer shotgun in person - (Group II)
11595,11595.0,Failure to give notice in writing to the Chief Officer of Police of transfers involving shotguns - (Group II)
11596,11596.0,"Failure by certificate holder to notify in writing Chief Officer of Police of deactivation, destruction or loss of shotgun - (Group II)"
11597,11597.0,"Failure by certificate holder to notify Chief Officer of Police in writing of events taking place outside Great Britain involving shotguns (sold or otherwise disposed of, lost, etc) (Group II)"
11598,11598.0,Failure to comply with instructions on shotgun certificate
11600,11600.0,"Fishery Laws, offences against    [Use this code only if you are unable to determine which subcoded Offence applies]"
11601,11601.0,Offences against Sea Fisheries Acts 1851 to 1968 as amended by Criminal Justice & Public Order Act 1994 S.157 Sch.8 Part 1
11602,11602.0,Offences against Sea Fisheries Regulation Acts 1891 to 1966
11603,11603.0,Offences against Behring Sea Award Act 1894
11604,11604.0,Offences against Seal Fisheries (North Pacific) Acts 1895 and 1912
11606,11606.0,Offences against Salmon and Freshwater Fisheries Act 1975
11609,11609.0,Offences against Whaling Industry (Regulation) Act 1934
11611,11611.0,Taking or destroying etc any fish in private fishery etc. Theft Act 1968 Sch.1 Para.2(1)
11612,11612.0,Offences against Diseases of Fish Act 1937 and Orders thereunder and Diseases of Fish Act 1983
11617,11617.0,Offences against Sea Fish Industry Acts 1970 (except S.42) and 1973 and Fisheries Act 1981
11618,11618.0,Offences against Conservation of Seals Act 1970
11619,11619.0,"Offences against similar provisions in Local Acts Fishery Laws, offences against"
11620.0,11620.0,Fishery Laws - offences against similar provision in Local Acts
11700,11700.0,Offences against Friendly Societies Acts 1896 to 1971 (except S.87 of 1896 Act and S.6(7) of 1971 Act)
11800,11800.0,Night Poaching    [Use this code only if you are unable to determine which subcoded Offence applies]
11801,11801.0,"Taking or destroying game or rabbits on lands, etc, by night, or entering lands at night to take or destroy game"
11802,11802.0,"Taking or destroying game or rabbits by night on roads, etc, or at openings, etc, from lands, etc"
11900,11900.0,Day Poaching    [Use this code only if you are unable to determine which subcoded Offence applies]
11901,11901.0,"Trespassing in the daytime in search of game, etc and other offences in connection therewith"
12000,12000.0,"Unlawful possession of game, etc    [Use this code only if you are unable to determine which subcoded Offence applies]"
12001,12001.0,"Coming from land in possession of game which has been unlawfully obtained, or with gun or net"
12100,12100.0,Other offences against Game Laws    [Use this code only if you are unable to determine which subcoded Offence applies]
12101,12101.0,Dealer or other person having game in possession out of season
12102,12102.0,Sale of game by persons not licensed to kill or sell game
12103,12103.0,Private individuals etc buying game from persons not licensed dealers
12104,12104.0,Dealer buying from person not authorised to sell game or not affixing notice board of licence; unlicensed person by affixing notice board or otherwise pretending to be licensed to deal in game
12105,12105.0,Selling hares out of season
12106,12106.0,"Killing game without licence; laying poison to destroy game; taking or destroying eggs of game, etc; killing game on Sunday or Christmas Day; killing game out of season; occupier of land killing game without authority"
12107,12107.0,Killing ground game by night or with poison
12109,12109.0,Obstructing person authorised to kill rabbits or vermin
12111,12111.0,Offences against Deer Act 1991
12112,12112.0,Offences against Game Licences Act 1860
12113,12113.0,Hunting a wild mammal with a dog
12114,12114.0,Knowingly permitting land to be entered or used in the course of hunting a wild mammal with dogs
12115,12115.0,Knowingly permitting a dog to be used in the course of hunting a wild mammal
12116,12116.0,Participating in a hare coursing event
12117,12117.0,Attending a hare coursing event
12118,12118.0,Knowingly facilitating a hare coursing event
12119,12119.0,Permitting land to be used for the purpose of a hare coursing event
12120,12120.0,Permitting etc a dog to participate in a hare coursing event
12200,12200.0,"Obstructions, other than those caused by vehicles    [Use this code only if you are unable to determine which subcoded Offence applies]"
12201,12201.0,Offences against Highways Act 1835 S.72 (amended) insofar as it relates to animals
12202,12202.0,Offences against Public Health Act 1925 and Byelaws
12203,12203.0,Offences against Road Traffic Regulation Act 1984 S.25(5)
12204,12204.0,Offences against Road Traffic Regulation Act 1984 S.17(4) (Animals)
12205,12205.0,Offences against Road Traffic Regulation Act 1984 S.17(4) (Pedestrians)
12206,12206.0,Offences against Motorway Traffic (England and Wales) Regulations 1982 R.15(1)(b)
12207,12207.0,Occupier of agricultural land fail to prevent crop from encroaching on a highway to inconvenience a public right of way
12220,12220.0,"Obstructions, other than those caused by vehicles: Other similar offences"
12300,12300.0,"Nuisances, other than those caused by vehicles    [Use this code only if you are unable to determine which subcoded Offence applies]"
12301,12301.0,Offences against Explosives Act 1875 S.80
12302,12302.0,Offences against Town Police Clauses Act 1847 SS.26 and 28 and Public Health Act 1875 S.171(1)
12303,12303.0,Offences against Municipal Corporations Act 1882 S.23
12304,12304.0,Offences against Local Government Act 1972 SS.235-237 and byelaws
12305,12305.0,Offences against Highways Act 1980 SS.161-163
12306,12306.0,Offences against Highways Act 1980 S.161A
12400,12400.0,"Other offences, other than those caused by vehicles    [Use this code only if you are unable to determine which subcoded Offence applies]"
12401,12401.0,Offences against Road Traffic Act 1988 S.37
12402,12402.0,Offences against Road Traffic Act 1988 S.169
12403,12403.0,"Offences against Highways Act 1980 SS.46, 73, 74, 79, 131, 134 and 136"
12404,12404.0,Offences against Highways Act 1980 SS.171-175
12405,12405.0,"Offences against Highways Act 1980 SS.176, 178-180 and 184(17)."
12406,12406.0,Offences against Highways Act 1980 SS.194-196
12407,12407.0,"Offences against Highways Act 1980 SS.188, 293 and 303"
12408,12408.0,Offences against Road Traffic Act 1988 S.26 (insofar as it relates to pedestrians)
12409,12409.0,Offences against Highways Act 1980 S.128
12410,12410.0,Offences against Highways Act 1980 S.139
12411,12411.0,Offences against Highways Act 1980 S.140
12412,12412.0,Offences against Highways Act 1980 S.167
12413,12413.0,Offences against Highways Act 1980 S.168
12414,12414.0,Offences against Highways Act 1980 S.177
12415,12415.0,Offences against Highways Act 1980 S.292(3)
12416,12416.0,Failure to comply with order to remove obstruction - Highways Act 1980. Failure to comply with order to remove obstruction after conviction
12417,12417.0,Summary offences in connection with permits - Traffic Management Act 2004
12418,12418.0,Failure to comply with S65(1)(2) - safety measures - New Road & Street Works Act 1991
12419,12419.0,Summary offences except S.65 - New Road & Street Works Act 1991
12420,12420.0,Other offences than those caused by vehicles not included above
12500,12500.0,Offences against public order    [Use this code only if you are unable to determine which subcoded Offence applies]
12501,12501.0,Wearing political uniform
12502,12502.0,Wilfully obstructing a constable in the exercise of a power conferred by S.1 - Counter-Terrorism Act 2008
12505.0,12505.0,Offences under the Public Meeting Act 1908
12509,12509.0,"Causing intentional harassment, alarm or distress"
12511,12511.0,Fear or provocation of violence
12512,12512.0,"Harassment, alarm or distress. Use or display threatening behaviour, words (written or spoken) or visual representation likely to cause harassment / alarm / distress"
12513,12513.0,Advance notice of public processions
12514,12514.0,Failing to comply with conditions on public processions
12515,12515.0,Failing to comply with conditions imposed on public assemblies
12516,12516.0,"Possessing fireworks etc in, or when entering, a designated sports ground"
12517,12517.0,Fail to comply with prohibition on public procession
12518,12518.0,Offences under Public Order Act 1986 Part II SS.14A & 14B(1) as added by Criminal Justice & Public Order Act 1994 S.70
12519,12519.0,Take part in prohibited assembly
12520,12520.0,Inciting another to take part in a prohibited trespassory assembly
12521,12521.0,Ignoring a directive not to proceed in the direction of a trespassory assembly
12522,12522.0,Failing to leave land when directed or to return as a trespasser within three months
12523,12523.0,Contravening a licence Football Spectators Act 1989 S.10(13)
12524,12524.0,Failing to comply with the duty to report imposed by an International Football Banning Order
12525,12525.0,Failing to comply with requirements necessary to give effect to International Football Banning Orders
12526,12526.0,Making a false statement or making use of a false document in connection with an application for exemption from the duty to report
12527,12527.0,Throwing a missile
12528,12528.0,Racist or indecent chanting
12529,12529.0,Going on to the playing or adjacent area
12530,12530.0,Breach of a Domestic Football Banning Order
12531,12531.0,Failing to leave land when directed or returning within 7 days of the direction (raves).
12532,12532.0,Ignoring a directive not to proceed in the direction of the gathering (rave).
12533,12533.0,Disrupting or obstructing a lawful activity or seeking to intimidate someone so to do
12534,12534.0,Failure to leave land when directed or returning within 3 months of direction (aggravated trespass).
12535,12535.0,Failure to leave residential premises when required to do so
12536,12536.0,"Failure to leave within 24 hours of interim possession order, or returning as a trespasser or attempting to do so after the expiry of the order but within 1 year from the day it was served"
12537,12537.0,"Failure to leave land, or to remove vehicle, or returning within 3 months from the day direction was given by the Local Authority"
12538,12538.0,Wilful obstruction of any person carrying out 'order for removal'
12539,12539.0,Without reasonable excuse causing a nuisance or disturbance on NHS premises
12540,12540.0,Wearing any item of dress in support of a proscribed organisation
12541,12541.0,"Wearing, carrying or displaying any article in support of a proscribed organisation"
12542,12542.0,Failure to stop (power to stop & search vehicles and pedestrians)
12543,12543.0,Wilful obstruction (power to stop and search vehicles and pedestrians)
12544,12544.0,Failing to furnish information when required by examining officer
12545,12545.0,Failing to produce either a valid passport or identifying document when required by examining officer
12546,12546.0,Failing to declare or produce any relevant documents when required by examining officer
12547,12547.0,Failing to submit to search by examining officer or person acting on his/her behalf
12548,12548.0,Failing to complete and produce an embarkation card when required to by examining officer
12549,12549.0,Failure to leave cordoned area immediately when ordered to do so by a constable in uniform
12550,12550.0,"Failure to leave premises, which abut or are wholly or partially within a cordoned area, immediately if ordered to do so by a constable in uniform"
12551,12551.0,Failure of driver or person in charge of a vehicle which is in a cordoned area to immediately move the vehicle if ordered to do so by a constable in uniform
12552,12552.0,Contravention of a prohibition or restriction order made by a constable in uniform to a cordoned area
12553,12553.0,Wilfully obstructing a constable in the execution of his duty in a cordoned area
12554,12554.0,Failure to move vehicle when ordered to do so by a constable in uniform (vehicle has been permitted to remain at rest in contravention of any prohibition or restriction)
12555,12555.0,Leaving a vehicle or permitting a vehicle to remain at rest on a road in contravention of a prohibition or restriction
12556,12556.0,Wilfully obstructing or seeking to frustrate the object of a search in a cordoned area
12557,12557.0,Breach of a Parenting Order; Failure to comply with any requirement of Parenting Order
12558,12558.0,"Racially aggravated harassment, alarm or distress - Public Order Act 1986"
12559,12559.0,Failure to comply with requirements of Football Banning Order
12560,12560.0,Failure to comply with Notice under S.21B Football Spectators Act 1989
12561,12561.0,"Religiously aggravated harassment, alarm or distress - Public Order Act 1986 & Crime and Disorder Act 1998"
12562,12562.0,"Offences under Summary Regulations made under Part 8 of Anti-Terrorism, Crime and Security Act 2001"
12563,12563.0,"Racially or religiously aggravated harassment, alarm or distress - Public Order Act 1986 & Crime and Disorder Act 1998"
12564,12564.0,Committing an offence knowing that a direction under S.63(2) applies to him and making preparations for or attending a gathering (rave) within 24 hours starting when the direction was given
12565,12565.0,Failure to leave relevant land as soon as reasonably practicable or entering any land in area of relevant local authority as a trespasser before end of relevant period with the intention of residing there
12566,12566.0,Intentionally obstructing a person delivering a notice setting out the terms of the control order in accordance with S.7(9)
12567,12567.0,Failing to obey a police direction to leave an exclusion area
12568,12568.0,Harassment etc. of a person in his home
12569,12569.0,Trespassing on sites designated by order of Secretary of State
12570,12570.0,Organising a demonstration in a public place in a designated area
12571,12571.0,"Taking part in a demonstration or carrying out a demonstration alone, without authorisation, in a designated area"
12572,12572.0,Failure to comply with a condition or diverging from the particulars specified in the authorisation in capacity as an organiser or otherwise
12573,12573.0,"Inciting another to do anything which would constitute an offence mentioned in ss.(1), (2) or (3) or fail to do anything where the failure would cause such an offence - Serious Organised Crime and Police Act 2005 SS.132(1)(a)(b)(c)134(7), 135(3) & 136(4)"
12574,12574.0,Operating or permitting the operation of a loudspeaker in contravention of ss.(1) [ss.(1) - loudspeaker shall not be operated in designated area] - Serious Organised Crime and Police Act 2005 S.137 (1)&(4)
12575,12575.0,"Failure to provide information, produce document etc. - Anti-Terrorism, Crime and Security Act 2001"
12576,12576.0,Relevant institution failing to comply with requirement to provide information to the Treasury
12577,12577.0,Refusing or failing to comply with any request to provide information to or produce document for Treasury
12578,12578.0,Wilfully obstructing the Treasury in the exercise of their powers under Sch.1 - Al-Qaida and Taliban (UN Measures) Order 2006
12579,12579.0,Failure to comply with request or obstructing the Treasury in exercise of their powers - Terrorism (UN Measures) Order 2006
12580,12580.0,Fail to comply with football banning order requirement under s.51/52 Police Public Order & CJ (Scotland) Act 2006
12581,12581.0,Intentionally obstructing the exercise by a constable of power conferred by SS.7A or 7B or by warrant under S.7C - Prevention of Terrorism Act 2005
12582,12582.0,Racially or religiously aggravated harassment or alarm or distress - words or writing
12583,12583.0,Failure of relevant institution to inform Treasury
12584,12584.0,Failure to comply with request for information - Terrorist Asset-Freezing etc. Act 2010
12585,12585.0,Failure without reasonable excuse to comply with S.143(1) direction - Police Reform and Social Responsibility Act 2011 or Obstruction of Officers etc.
12586,12586.0,Trespassing on sites- Knowingly as a trespasser live/intend to live in residential building
12599,12599.0,Other offences against public order not listed above
12600,12600.0,Interference with motor vehicles
12701,12701.0,Absconding by person released on bail
13000,13000.0,Stealing and unauthorised taking    [Use this code only if you are unable to determine which subcoded Offence applies]
13001,13001.0,Unauthorised taking of a motor vehicle
13002,13002.0,Unauthorised taking of conveyance other than motor vehicles or pedal cycle
13003,13003.0,Being carried knowing vehicle to have been taken or driven away without consent
13100,13100.0,"Aggravated taking where the only factor is criminal damage of £5,000 or under    [Use this code only if you are unable to determine which subcoded Offence applies]"
13101,13101.0,"Aggravated taking where the only aggravating factor is criminal damage of £5,000 or under"
13500,13500.0,Offences relating to horse-drawn vehicles    [Use this code only if you are unable to determine which subcoded Offence applies]
13501,13501.0,Offences under Highway Act 1835 S.72 (as amended)
13502,13502.0,Offences under Highway Act 1835 S.78
13504,13504.0,Offences under Road Traffic Act 1988 S.42
13505,13505.0,Offences under Town Police Clauses Act 1847 S.28
13506,13506.0,Offences under Public Health Act 1875 S.171(1)
13507,13507.0,Offences under Municipal Corporations Act 1882 S.23
13508,13508.0,Offences under Local Government Act 1888 S.16
13509,13509.0,Offences under Local Government Act 1972 SS.235 and 237 and byelaws
13510,13510.0,Offences under Highways and Locomotives (Amendment) Act 1878 S.26 and byelaws
13511,13511.0,Offences under Road Traffic Act 1988 SS.35 and 36 and Road Traffic Regulation Act 1984 SS.5(1) and 16(1S)
13512,13512.0,Offences under Road Traffic Regulation Act 1984 S.25(5)
13513,13513.0,Offences under Road Traffic Regulation Act 1984 S.28(3)
13514,13514.0,Offences under Road Traffic Regulation Act 1984 S.17(4)
13515,13515.0,Offences under Highways Act 1980 S.137(1)
13516,13516.0,Offences under Highways Act 1980 S.184(17)
13520,13520.0,Offences relating to horse-drawn vehicles: Other similar offences
13600,13600.0,Offences connected with hand carts and barrows    [Use this code only if you are unable to determine which subcoded Offence applies]
13601,13601.0,Offences under Highway Act 1835 S.72 (as amended)
13602,13602.0,Offences under Road Traffic Act 1988 S.42 and Road Vehicle Lighting Regs 1989
13604,13604.0,Offences under Road Traffic Regulation Act 1984 S.25(5)
13605,13605.0,Offences under Road Traffic Regulation Act 1984 S.28(3)
13606,13606.0,Offences under Road Traffic Regulation Act 1984 S.17(4)
13607,13607.0,Offences under Highways Act 1980 S.137(1)
13620,13620.0,Offences connected with hand carts and barrows: Other similar offences
13700,13700.0,Offences connected with pedal cycles    [Use this code only if you are unable to determine which subcoded Offence applies]
13701,13701.0,Riding to common danger Highway Act 1835 S.78; Metropolitan Police Act 1839 S.54(5)
13704,13704.0,Being towed Road Traffic Act 1988 S.26
13705,13705.0,Neglect of traffic directions Road Traffic Act 1988 SS.35 and 36
13706,13706.0,More than one person carried Road Traffic Act 1988 S.24
13707,13707.0,"Riding on footpath Highways Act 1835 S.72 (as amended by Local Government Act 1888 S.85(1), Statute Law Revision (No2) Act 1888, Highways Act 1959 Sch.25, Criminal Justice Act 1967 Sch.3 and Criminal Justice Act 1982 SS.39 & 46 & Sch.3); Metropolitan Police Act 1839 S.54(7) and byelaws"
13708,13708.0,Offences in relation to Pedestrian Crossings Road Traffic Regulation Act 1984 S.25(5)
13709,13709.0,Failing to obey signal Road Traffic Regulation Act 1984 S.28(3)
13710,13710.0,No brakes - failure to comply with the Pedal Cycles (Construction and Use) Regulations 1983
13711,13711.0,Reckless and dangerous driving by pedal cyclist Road Traffic Act 1988 S.28
13712,13712.0,Careless driving by pedal cyclist Road Traffic Act 1988 S.29
13713,13713.0,Pedal cyclist driving under the influence of drink or drugs Road Traffic Act 1988 S.30
13714,13714.0,Taking part in unauthorised cycle race on public highway Road Traffic Act 1988 S.31 (in part)
13715,13715.0,Promoting unauthorised cycle race on public highway Road Traffic Act 1988 S.31
13716,13716.0,Offences under Road Traffic Regulations Act 1984 S.17(4); Motorways Traffic (England and Wales) Regulations 1982 Reg.15
13717,13717.0,Offences under Highways Act 1980 S.137(1)
13718,13718.0,Taking or riding a pedal cycle without consent etc. Theft Act 1968 S.12(5) or bylaw
13720,13720.0,Rider of a cycle failing to give name and address Road Traffic Act 1988 S.168(b)
13730,13730.0,Offences connected with pedal cycles: Lighting and reflector offences Road Traffic Act 1988 S.81 and Road Vehicle Lighting Regulations 1989
13799,13799.0,Offences connected with pedal cycles: Other offences (specify the offence and the Act and Section under which proceedings were taken).
13800,13800.0,"Offences involving impersonation, making false or misleading statements or failing to give information etc    [Use this code only if you are unable to determine which subcoded Offence applies]"
13801,13801.0,With intent to deceive impersonating a designated or accredited person or making any statement or doing any act calculated falsely to suggest that he is a designated or accredited person or making any statement or doing any act calculated falsely to suggest that he has powers as a designated or accredited person that exceed the powers he actually has
13802,13802.0,Failing to give name and address when required to do so or giving false or inaccurate name or address in response to a requirement
13803,13803.0,Failing to give name and address to community support officer and making off having failed to give name and address
13804,13804.0,Making off having given false name and address
13805,13805.0,Making off having agreed to accompany community support officer
13806,13806.0,Acting in anti-social manner and failing to give name and address to community support officer
13807,13807.0,Acting in anti-social manner and making off having failed to give name and address to community support officer or having given false name and address
13808,13808.0,Acting in anti-social manner and making off while accompanying community support officer to police station
13809,13809.0,Knowingly or recklessly making a statement which is false in a material particular when a requirement to give information is imposed by or under fireworks regulations
13810,13810.0,With intent to deceive impersonating or posing as a designated person
13811,13811.0,Failure to comply with any requirement imposed on him under SS.62 or 63 (S.62 - disclosure notice; S.63 - production of documents) - Serious Organised Crime and Police Act 2005
13812,13812.0,Failure to comply with or including false or misleading information in a financial report
13813,13813.0,Failure to comply with requirement to supply financial statement for parental compensation orders
13814,13814.0,Making false or misleading statement etc. when supplying financial statement for parental compensation orders
13815,13815.0,Non-compliance with an inquiry or actions that are likely to hinder the inquiry
13816,13816.0,Failure to give name and address or giving false or inaccurate name or address when required to do so - Clean Neighbourhoods and Environment Act 2005
13817,13817.0,Failure to give name and address or giving false or inaccurate name or address when required to do so; giving false or misleading information - Environmental Protection Act 1990 as added by Clean Neighbourhoods and Environment Act 2005
13818,13818.0,Failure to give name and address or giving false or inaccurate name or address when required to do so - Refuse Disposal (Amenity) Act 1978 as added by Clean Neighbourhoods and Environment Act 2005
13819,13819.0,Failure to give name and address or gives false or inaccurate name or address when required to do so - Anti Social Behaviour Act 2003 as added by Clean Neighbourhoods and Environment Act 2005
13820,13820.0,Failure to give name and address or gives false or inaccurate name or address when required to do so - Noise Act 1996 as added by Clean Neighbourhoods and Environment Act 2005
13821,13821.0,Obstruction etc of officers - The Food Hygiene (England) Regulations 2006. Obstruction of Officers etc. - Food Hygiene (Wales) Regulations 2006
13822,13822.0,Making false statement or misleading statement - Childcare Act 2006
13823,13823.0,"Making, causing or allowing another to make a false statement or representation to secure the evasion, reduction or remission of charge"
13824,13824.0,Failure to comply with a notice requiring production of a document
13825,13825.0,Continuing failure to produce documents - National Health Service Act 2006
13826,13826.0,Obstructing or misleading or failing to assist an authorised officer of enforcement authority
13827,13827.0,Knowingly or recklessly making a false declaration in an application for purposes of SS.30 or 32 - Safeguarding Vulnerable Groups Act 2006
13828,13828.0,Failing without reasonable excuse to provide the information required under SS.35 or 36 or in pursuance of S.37 - Safeguarding Vulnerable Groups Act 2006
13829,13829.0,Making false statement in providing information under S.51(2) - Wireless Telegraphy Act 2006
13830,13830.0,Contravening or failing to comply with any term or condition attached to a S.62(5) authority given by OFCOM - Wireless Telegraphy Act 2006
13831,13831.0,Obstructing or failing to assist person acting under S.97 - Wireless Telegraphy Act 2006
13832,13832.0,Intentionally obstruct person acting under S.99(3) - Wireless Telegraphy Act 2006
13833,13833.0,Intentionally obstructing authorised officer acting in the execution of Regs or failing to give any such officer any assistance or information or to provide facilities reasonably required - Wine Regulations 2009
13834,13834.0,Contravening Schedule 1 Pt.3 or Pt.5 provision - Wine Regulations 2009
13835,13835.0,"Summary offences under Railways (Accident Investigation and Reporting) Regulations 2005 RR.0(9), 12(5), 13(6) & 16(3)"
13845.0,13845.0,Making false or misleading statement relying on a statement by the employer or principal that the Act was not contravened
13846,13846.0,Making false or misleading statement that the act for which help was given does not contravene the Act
13847,13847.0,"Intentionally obstructing, failing to comply or giving assistance or information or giving false or misleading statement to a weights and measures officer."
13848,13848.0,"Misrepresentation of information in contravention of S.36 - Legal Aid, Sentencing and Punishment of Offenders Act 2012"
13900,13900.0,Exposing the person in any street etc or in view thereof or in any place or public resort with intent to insult any female
14000,14000.0,"Drunkenness, simple    [Use this code only if you are unable to determine which subcoded Offence applies]"
14001,14001.0,"Being found drunk in a highway or other public place, whether a building or not, or on licensed premises"
14005,14005.0,Drunk on a vehicle
14006,14006.0,"Drunk in, or when entering, a designated sports event"
14010,14010.0,"Drunkenness, simple - offences against similar provisions in Local Acts"
14011,14011.0,Alcohol consumption in designated public places
14100,14100.0,"Drunkenness, with aggravations    [Use this code only if you are unable to determine which subcoded Offence applies]"
14101,14101.0,Being guilty while drunk of disorderly behaviour
14102,14102.0,"Being drunk while in charge on any highway or other public place of any carriage, horse, cattle or steam engine"
14103,14103.0,Being drunk when in possession of any loaded firearms
14104,14104.0,Refusing or failing when drunk to quit licensed premises when requested
14105,14105.0,Refusing or failing when drunk to quit any premises or place licensed under the Late Night Refreshment Houses Act 1969
14108,14108.0,Being intoxicated while driving a hackney carriage
14109,14109.0,Being drunk during employment as a driver of a hackney carriage or as a driver or conductor of a stage carriage in the Metropolitan Police District
14110,14110.0,"Being drunk etc. and persisting, after being refused admission on that account, in attempting to enter ship"
14111,14111.0,Being drunk on board a passenger ship and refusing to leave such a ship
14112,14112.0,Being drunk in any highway or other public place or on licensed premises while having charge of a child under 7 years
14120,14120.0,"Drunkenness, with aggravations - All similar offences in Local Acts"
14200,14200.0,Offences by licensed persons or others acting on their behalf    [Use this code only if you are unable to determine which subcoded Offence applies]
14201,14201.0,"Permitting drunkenness or riotous conduct on the premises, or selling liquor to a drunken person"
14202,14202.0,Licence holder selling or supplying intoxicating liquor to a habitual drunkard within three years after conviction for habitual drunkenness
14203,14203.0,Selling etc. intoxicating liquor to persons under 18 for consumption on the premises
14204,14204.0,Worker on relevant premises selling or buying or allowing sale of or distributing alcohol to habitual drunk within 3 years of conviction
14205,14205.0,Permitting person under 14 to be in bar of licensed premises during permitted hours
14206,14206.0,Keeping open premises when ordered by justices to be closed on account of riot
14207,14207.0,Selling or supplying intoxicating liquor for consumption on or off the premises except during permitted hours
14210,14210.0,Licence holder not keeping notice of modified permitted hours posted in a conspicuous place
14213,14213.0,Permitting licensed premises to be the habitual resort of reputed prostitutes
14214,14214.0,Permitting licensed premised to be used as a brothel
14215,14215.0,"Harbouring constable on premises, supplying drink to constable on duty, or bribing constable"
14216,14216.0,Permitting gaming (offence under the Gaming Act 1968 Sec.6)
14219,14219.0,"Person licensed to keep refreshment house allowing gaming therein suffering his premises to be the resort of prostitutes, thieves, drunken or disorderly persons or doing or permitting any act in contravention of his licence"
14221,14221.0,Person keeping licensed premises for sale or consumption of refreshments suffering his premises to be the resort of common prostitutes or reputed thieves
14223,14223.0,Selling etc. intoxicating liquor at any place not authorised by his licence
14224,14224.0,Holder of off licence permitting purchaser of intoxicating liquor to consume it on or near the premises
14225,14225.0,"Holder of off licence evading terms of licence, taking intoxicating liquor from licensed premises for sale for profit elsewhere"
14227,14227.0,"Making an internal communication between licensed premises and premises used for public resort, or as a refreshment house"
14228,14228.0,Not complying with order of licensing justices to make structural alterations
14229,14229.0,Having on licensed premises intoxicating liquor which he is not authorised by his licence to sell
14230,14230.0,"Not keeping affixed to the licensed premises, in a conspicuous place, name and other particulars as directed"
14231,14231.0,Refusing to admit constable
14232,14232.0,"Not producing licence to justice of the peace, constable or officer of Customs and Excise"
14233,14233.0,"Delivering intoxicating liquor from a vehicle etc., without details being previously recorded in a day book, delivery book etc.-"
14234,14234.0,Supplying intoxicating liquor on credit for consumption on the premises
14235,14235.0,Supplying greater measure of intoxicating liquor than asked for (long pull) in licensed premises
14237,14237.0,Person licensed to keep refreshment house refusing to admit constable
14240,14240.0,Supplying intoxicating liquor except during permitted hours at party organised for gain
14241,14241.0,Employing in bar of licensed premises persons under the age of 18 years
14242,14242.0,Selling or supplying intoxicating liquor in licensed canteen at other than permitted hours
14243,14243.0,Selling or supplying intoxicating liquor in licensed canteen for consumption outside canteen
14244,14244.0,Licence holder or person working in licensed premises knowingly delivering intoxicating liquor to a person under 18 years for consumption off the premises
14245,14245.0,"Licence holder (on-licence) selling etc., intoxicating liquor to persons not permitted by the conditions of the licence"
14246,14246.0,Licence holder (Part IV licence) knowingly permitting intoxicating liquor to be consumed on the licensed premises by persons not permitted by the conditions of the licence
14247,14247.0,Supplying intoxicating liquor from registered club to non-member for consumption off the premises
14248,14248.0,"Supplying member or guest with intoxicating liquor on behalf of registered club at premises not registered, except at a place used on a special occasion etc."
14249,14249.0,Licensee fails to notify Chief Officer of Police within 14 days of order made by licensing justices under Section 70 (entertainment - extended hours)
14250,14250.0,Secretary of club fails to notify Chief Officer of Police within 14 days of order made by a Magistrates' Court under S.70
14251,14251.0,Making unlawful charge in refreshment house (tariff not displayed as required) or touting for custom
14252,14252.0,Holder of a licence in respect of a refreshment house failing to notify authority of change of address
14253,14253.0,Licensee allowing sale by a person under 18 of intoxicating liquor for consumption off the premises without specific approval of the licensee or an adult acting on his behalf
14264,14264.0,Offences relating to licensing hours within sports grounds
14265,14265.0,Failing to close a bar when required to do so by a constable
14266,14266.0,Failure to display 'Notice of Children's Certificate'
14267,14267.0,Permitting relevant licensed premises to be open in contravention of a closure order
14268,14268.0,Permitting relevant licensed premises to be open in contravention of an order made under S.3(b) - Licensing Act 1964 S.179B(5)
14269,14269.0,Permitting relevant licensed premises to be open in contravention of an order made under S.3(c) - Licensing Act 1964 S.179B(5)
14270,14270.0,Permitting relevant licensed premises to be open in contravention of an order made under s.7 - Licensing Act 1964 S.179B(5)
14271,14271.0,"Failure to leave the premises when asked to do so, for the purposes of ensuring compliance with an order"
14272,14272.0,Enforcement of closure order (premises used for the unlicensed sale of intoxicating liquor); obstruction of a constable
14273,14273.0,Enforcement of closure order (premises used for the unlicensed sale of intoxicating liquor;) obstruction of authorised person
14274,14274.0,"Enforcement of closure order (premises used for the unlicensed sale of intoxicating liquor); opening the premises without reasonable excuse, in contravention of closure order"
14275,14275.0,Enforcement of closure order (premises used for the unlicensed sale of intoxicating liquor); failure to comply with any other terms of closure order
14276,14276.0,Relevant person working in licensed premises to permitting drunkenness or violent behaviour etc.
14277,14277.0,Failure to notify authority of change of name or address (licensed premises)
14278,14278.0,Failure to notify designated premises supervisor of variation or rejection
14279,14279.0,Failure to send a notice directing holder of premises licence to send premises licence to relevant licensing authority
14280,14280.0,Failure to notify designated premises supervisor of transfer of premises licence.
14281,14281.0,Failure to notify designated premises supervisor of interim authority notice
14282,14282.0,Failure to produce licence to authority for updating
14283,14283.0,Failure to produce a premises licence or copy when required to do so
14284,14284.0,Intentionally obstructs an authorised person exercising powers to inspect premises
14285,14285.0,Failure to notify licensing authority of convictions during application period for personal licence
14286,14286.0,Failure to notify authority of change of name or address (personal licence holder)
14287,14287.0,Failure to notify court of personal licence
14288,14288.0,Failure of personal licence holder to notify licensing authority of convictions
14289,14289.0,Failure of personal licence holder to produce licence for updating to licensing authority when required to do so
14290,14290.0,Failure of personal licence holder to produce licence when requested to do so by authorised officer
14291,14291.0,Allowing disorderly conduct on licensed premises
14292,14292.0,Responsible person allows individual aged under 18 to sell or supply alcohol
14293,14293.0,Person knowingly keeps premises open in contravention of closure order (area experiencing disorder 24 hrs max)
14294,14294.0,Fail to comply with a section 35 direction excluding a person from an area
14300,14300.0,Other Offences (against intoxicating Liquor Laws)    [Use this code only if you are unable to determine which subcoded Offence applies]
14301,14301.0,Selling intoxicating liquor without licence
14302,14302.0,Unauthorised person having on his premises words or letters importing authority as licence holder to sell intoxicating liquor
14303,14303.0,Without lawful purpose being found in a place where intoxicating liquor is seized by constable
14304,14304.0,"Person so found giving false name and address, etc."
14305,14305.0,Supplying intoxicating liquor to member or guest at club premises not registered or not licensed
14306,14306.0,Purchasing or obtaining intoxicating liquor at licensed premises or registered club within three years after conviction for habitual drunkenness
14307,14307.0,In licensed premises procuring intoxicating liquor for a drunken person or aiding a drunken person to obtain drink
14308,14308.0,Consuming in or taking from licensed premises any intoxicating liquor except during permitted hours
14309,14309.0,Consuming intoxicating liquor in licensed premises on credit
14310,14310.0,Within 3 years of conviction as habitual drunk buying or obtaining or attempting to buy or obtain alcohol on relevant premises
14311,14311.0,"Violent, quarrelsome or disorderly person, or any person whose presence would subject holder of the licence liable to a penalty, refusing to quit licensed premises on request"
14312,14312.0,"Riotous, quarrelsome or disorderly person refusing to quit licensed premises or refreshment house"
14314,14314.0,Causing person under 14 to be in bar of licensed premises
14315,14315.0,Giving intoxicating liquor to child under 5 years
14316,14316.0,Person under 18 buying or attempting to buy or consuming intoxicating liquor in licensed premises
14317,14317.0,Purchasing or attempting to purchase intoxicating liquor for consumption by person under 18 in bar
14318,14318.0,Officer of a registered club selling or supplying liquor to a habitual drunkard within three years after conviction for habitual drunkenness
14319,14319.0,Obtaining intoxicating liquor in registered club in contravention of Section 39 (2) and (3) - Licensing Act 1964
14321,14321.0,"Consuming in or taking intoxicating liquor from a registered club, except during permitted hours"
14322,14322.0,Consuming intoxicating liquor bought on credit in licensed premises
14323,14323.0,Consume or obtain intoxicating liquor at a designated sporting event when sale is unauthorised
14324,14324.0,Officer of club knowing that intoxicating liquor is kept for supply during the period of a designated sporting event
14328,14328.0,Clerk to licensing justices or any other person refusing or obstructing inspection of register or receiving or demanding any unauthorised charge
14329,14329.0,"Clerk to licensing justices or his partner or clerk acting as solicitor to or agent for person at licensing session, or other proceedings specified"
14333,14333.0,Consuming intoxicating liquor outside general licensing hours at a party organised for gain
14334,14334.0,Forgery of licence etc - Licensing Act 1964
14335,14335.0,Refusing to give name and address or giving false name and address etc - Licensing Act 1964
14336,14336.0,"Aiding and abetting licensed person, or other acting on his behalf, to commit offences not included above or elsewhere in Appendix D - Licensing Act 1964"
14337,14337.0,Consuming intoxicating liquor in licensed canteen outside permitted hours
14338,14338.0,Taking intoxicating liquor from licensed canteen for consumption outside canteen
14339,14339.0,Knowingly sending a person under 18 for purpose of obtaining intoxicating liquor
14340,14340.0,Selling intoxicating liquor in confectionery to person under 16
14344,14344.0,Officer of club contravening provisions of Section 39 - Licensing Act 1964
14345,14345.0,"Secretary of club failing to give notice of alteration in rules of club, within 28 days, to Chief Officer of Police and Clerk of Local Authority"
14346,14346.0,Chairman and Secretary - failing to give notice of change in register of club particulars
14347,14347.0,"Chairman and Secretary - signing false statement, application for renewal of registration certificate, etc. or notice under Sub-section 51(4) - Licensing Act 1964"
14348,14348.0,Obstructing constable or local authority officer from entering and inspecting premises before first registration
14349,14349.0,Justice acting as a justice knowing that he is disqualified under the Act from doing so - Licensing Act 1964
14350,14350.0,"Voter fraudulently taking ballot paper out of polling station, etc."
14351,14351.0,Making false statement in declaration - Licensing Act 1964
14352,14352.0,Wholesaler selling intoxicating liquor to a person under 18
14353,14353.0,Wholesaler allowing a person under 18 to sell intoxicating liquor without the specific approval of the wholesaler or an adult acting on his behalf
14354,14354.0,Person under 18 buying or attempting to buy intoxicating liquor from wholesale premises
14359,14359.0,Under 18 year-old possessing alcohol in a relevant place on three or more occasions within twelve consecutive months
14360,14360.0,Permitting carriage of intoxicating liquor on vehicle
14361,14361.0,Being in possession of intoxicating liquor on vehicle
14362,14362.0,"Being in possession of intoxicating liquor in, or when entering, a sports event"
14363,14363.0,Failure to surrender intoxicating liquor and/or to give name and address
14364,14364.0,Failure to notify Authority of change of name or alteration of rules (club)
14365,14365.0,Failure to notify Authority of change of relevant registered address (club)
14366,14366.0,Failure to produce club premises certificate
14367,14367.0,Failure to keep in prominent place summary of certificate and name of nominated person; failure to keep or produce certificate when required to do so
14368,14368.0,Obstruction of an authorised person exercising the power conferred by S.96 - Inspection of premises before grant of certificate etc - Licensing Act 2003
14369,14369.0,Intentionally obstructing an authorised officer exercising powers to enter premises to which a temporary event notice relates
14370,14370.0,Failure to produce temporary event notice when requested to do so
14371,14371.0,Carrying on or attempting to carry on or knowingly allowing a licensable activity on or from any premises otherwise than under and in accordance with an authorisation
14372,14372.0,Exposing alcohol for unauthorised sale
14373,14373.0,Keeping alcohol on premises for unauthorised sale
14374,14374.0,Sale of alcohol to a person who is drunk
14375,14375.0,Obtaining alcohol for a person who is drunk
14376,14376.0,Failure to leave licensed premises etc
14377,14377.0,Keeping of smuggled goods
14378,14378.0,Allowing unaccompanied child (aged under 16) to be on certain premises when they are open for supply of alcohol for consumption there
14379,14379.0,Sale of alcohol to person under 18
14380,14380.0,Allowing sale of alcohol to person under 18
14381,14381.0,Sale of liqueur confectionery to children under 16
14382,14382.0,Purchase of alcohol by an individual under 18
14383,14383.0,Buying or attempting to buy alcohol on behalf of an individual under 18
14384,14384.0,Individual aged under 18 knowingly consuming alcohol
14385,14385.0,Knowingly allowing consumption of alcohol by individual aged under 18
14386,14386.0,Person knowingly delivers to a person aged under 18 alcohol sold or supplied on premises
14387,14387.0,Sending a person under aged 18 to obtain alcohol
14388,14388.0,"Selling by retail alcohol on, or from, a vehicle at a time when vehicle is not permanently or temporarily parked"
14389,14389.0,Selling or attempting or allowing the sale of alcohol in contravention of an order prohibiting the sale of alcohol on trains
14390,14390.0,"Knowingly or recklessly making a false statement in or in connection with application for grant etc of premises/club licence, for provisional statement, temporary event notice or personal licence"
14391,14391.0,Knowingly keeping premises open in contravention of closure order (identified relevant premises 24 hrs max)
14392,14392.0,Knowingly permitting relevant premises to be open in contravention of closure order stating they must remain closed until relevant time
14393,14393.0,Allowing premises to be open in contravention of order stating they must remain closed until relevant time (licence otherwise in force)
14394,14394.0,Intentionally obstructing an authorised person exercising powers to investigate licensable activities
14395,14395.0,Knowingly or recklessly making a false statement in or in connection with an application for conversion of existing club certificate
14396,14396.0,Breach of drinking banning order or interim drinking banning order
14397,14397.0,Individual who represents a risk of disorder failing to comply with direction of a constable
14398,14398.0,Selling alcohol to a child on two or more different occasions
14399,14399.0,Other offences under regulations and orders made under this Act
14400,14400.0,"Juvenile Smoking, offences in relation to    [Use this code only if you are unable to determine which subcoded Offence applies]"
14401,14401.0,Sale of tobacco etc. to persons under 16
14402,14402.0,Sale of unpackaged cigarettes
14403,14403.0,Failure to display warning statement
14500,14500.0,Intimidation    [Use this code only if you are unable to determine which subcoded Offence applies]
14501,14501.0,"Intimidating, annoying, hindering, etc., by violence or otherwise, any person, or wife, or children, with intent to compel him/her to abstain from following a certain course of action"
14600,14600.0,"Shops Acts, offences against    [Use this code only if you are unable to determine which subcoded Offence applies]"
14605,14605.0,"Offences against labour laws Offices, Shops and Railway Premises Act 1963 as amended by the Offices, Shops and Railway Premises Regulations 1974"
14699,14699.0,"Shops Acts, offences against: Other offences. (specify the offence and the Act and Section under which proceedings were taken)"
14700,14700.0,"Employment of Children Acts, offences against    [Use this code only if you are unable to determine which subcoded Offence applies]"
14701,14701.0,"Causing a child or young person to be in any street, etc., for purpose of begging"
14702,14702.0,Causing or allowing person under 18 to go abroad to perform for profit
14704,14704.0,"Offences against the Education Act 1996 SS.558 to 559 including offences against byelaws as to employment of children (except offences relating to Mines, Factories or Workshops)"
14705,14705.0,Offences in connection with employment of children and young persons
14706,14706.0,Causing or allowing children to take part in entertainments without licence
14707,14707.0,Obstructing officer in the exercise of powers conferred under part II (employment provisions) of the Children and Young Persons Act 1933
14720,14720.0,"Employment of Children Acts, offences against - Similar provisions in Local Acts but not offences against the Mines Acts, Factory Acts, etc"
14800,14800.0,Other offences (against Labour Laws)    [Use this code only if you are unable to determine which subcoded Offence applies]
14802,14802.0,Breach of contract involving injury to persons or property Trade Union and Labour Relations (Consolidation) Act 1992 S.240
14817,14817.0,Offences under Coal Mines Acts 1887-1937 as amended by the Mines & Quarries Act 1954
14822,14822.0,Offences under Mining Industry Acts 1920-1926 as amended by the Mines and Quarries Act 1954
14823,14823.0,"Offences under Employment of Women, Young Persons and Children Act 1920 (so far as relates to Factories and Workshops and Mines) as amended by the Hours of Employment (Conventions) Act 1936. Factories Act 1961 as amended by the Factories Act 1961 etc Regulations 1974"
14824,14824.0,Offences under Education Act 1944 SS.58-60
14826,14826.0,"Failure to post up or defacing etc. copy of section relating to breach of contract by gas works and water works employees. Master refusing or neglecting to provide necessary food, clothing, medical aid or lodging for servant or apprentice Conspiracy, and Protection of Property Act 1875 S.4. Conspiracy, and Protection of Property Act 1875 S.6"
14829,14829.0,Offences under Notice of Accidents Act 1894
14835,14835.0,Offences under Hours of Employment (Conventions) Act 1936 as amended by the Mines and Quarries Act 1954
14842,14842.0,Offences under Disabled Persons (Employment) Acts 1944 and 1958
14848,14848.0,Offences under Agriculture Wages Act 1948
14850,14850.0,Offences under Agriculture (Poisonous Substances) Act 1952 and Regulations made thereunder
14851,14851.0,Offences under Mines and Quarries Acts 1954 and 1969
14859,14859.0,Offences under Employment Rights Act 1996
14862,14862.0,Offences under Mineral Workings (Offshore Installations) Act 1971
14863,14863.0,Offences under Employment and Training Act 1973 S.4(5) and Schedule 2 Part II Paras.6(6) and 7(a)(b) and (c).
14864,14864.0,Offences under Trade Union and Labour Relations (Consolidation) Act 1992 S.45
14900,14900.0,"Criminal Damage, £5,000 or less, and Malicious Damage: Causing damage to an allotment through negligence or any unlawful act; Criminal Damage, £5,000 or less, and Malicious Damage"
15000,15000.0,"Merchant Shipping Acts, offences against    [Use this code only if you are unable to determine which subcoded Offence applies]"
15004,15004.0,Offences against Marine Insurance (Gambling Policies) Act 1909 S.1
15007,15007.0,"Offences against Employment of Women, Young Persons & Children Act 1920 (so for as relates to ships)"
15009,15009.0,Offences against Merchant Shipping and Fishing Vessels (Health & Safety) (Employment of Young Persons) Regulations 1998 (SI 2411/98). Merchant Shipping Act 1975 S.55 (Employment of young persons)
15010,15010.0,Offences against Merchant Shipping Act 1995 S.91 (Failure to report dangers to navigation)
15011,15011.0,Offences against Merchant Shipping Act 1995 Sch.3 Paras 5-8; 10-12; 15-22; 25-31 (Load Lines)
15019,15019.0,Offences against Merchant Shipping Act 1995 S.19 (Tonnage Regulations)
15025,15025.0,"Offences against Merchant Shipping Act 1995 (all matters concerning seamen); SS.25; 26;27;31(5),(6);43;44(4);47;50;51;54;66;68;73(6);78;79(2,4);80(1-3); 81;101(2,5);108(7,9);109;112;115; 116;268(6)and other legislation relating to Merchant Seamen"
15027,15027.0,"Offences against Merchant Shipping Act 1995 (all offences relating to passengers including stowaways) SS.103, 104, 107, Sch.6 Parts I and II"
15028,15028.0,"Offences against Merchant Shipping Act 1995 (All offences relating to fishing vessels) SS.124(1-4), 126 and 127"
15029,15029.0,Offences against Merchant Shipping Act 1995 S.192A and S.5(c) as added by Merchant Shipping and Maritime Security Act 1997 and S.16 (contravention of regulations requiring insurance or security - Summary)
15030,15030.0,Offences against Merchant Shipping (Small Workboats and Pilot Boats) Regulations 1998 (SI 1609/98) - Summary offences
15031,15031.0,"Summary Offences - Ship and Port (Security) Regulations 2004 RR.10, 12(1)(b) & (3)"
15032,15032.0,Summary Offences - Merchant Shipping (Pollution) Act 2006 S.1(2) & (4)
15033,15033.0,"Owner or master of ship contravening Regulations 21, 27 or 29 - Merchant Shipping (Safety of Navigation) Regulations 2002"
15034,15034.0,Owner or master of ship contravening Regulations 22 or 28 - Merchant Shipping (Safety of Navigation) Regulations 2002
15035.0,15035.0,Master of ship failing to comply with R.31(1) of Chapter V of International Convention for Safety of Life at Sea 1974
15044,15044,Summary offences under Merchant Shipping (Safety of Navigation) Regulations 2020
15100,15100.0,Social Security Offences    [Use this code only if you are unable to determine which subcoded Offence applies]
15101,15101.0,Sub-let / part with possession of a dwelling-house let under a secure or an assured tenancy in breach of a term of the tenancy
15103,15103.0,Disobeying or obstructing execution of removal order - National Assistance Act 1948
15104,15104.0,Failure or neglect to maintain so that accommodation has to be provided - National Assistance Act 1948
15105,15105.0,Making false statement to obtain accommodation - National Assistance Act 1948
15106,15106.0,Offence against Regulations made under National Assistance Act 1948
15107,15107.0,Making false statements or misrepresentation - Family Income Supplements Act 1970
15109,15109.0,Impersonation of officers - Social Security Administration Act 1992
15110,15110.0,"Illegal possession of documents relating to benefits, etc."
15111,15111.0,Offences against Regulations made under Social Security Administration Act 1992
15112,15112.0,"Wilful obstruction of inspector, failure to produce documents or to furnish information - Social Security Administration Act 1992"
15114,15114.0,Making false representation or other offences against Social Security Administration Act 1992 S.112
15115,15115.0,All offences under Jobseekers Act 1995
15117.0,15117.0,Make false statement / representation to obtain reduction under council tax reduction scheme
15118.0,15118.0,Cause / allow another to fail to give notice of change in entitlement to reduction in council tax reduction scheme
15200,15200.0,Offences against the Social Security Administration Act 1992 S.114A (failing to pay contributions)
15300,15300.0,Army    [Use this code only if you are unable to determine which subcoded Offence applies]
15302,15302.0,"Offences against Army Act 1955 and subsequent amendments incorporated therewith as amended by the Armed Forces Acts 1966, 1971 and 1996. Obstructing person subject to service law in course of duty"
15305,15305.0,Offences against Military Lands Acts 1892 to 1903 and Byelaws made thereunder. Offences carried out in the Protected areas of AWE Aldermaston. Offences carried out in the Protected areas of AWE Burghfield
15306,15306.0,Offences against Manoeuvres Act 1958
15307,15307.0,Offences against Seamen's and Soldiers' False Characters Act 1906 (so far as concerns soldiers) as amended by the Armed Forces Act 1966
15315,15315.0,Offences against Reserve Forces Acts 1980 & 1996 (so far as concerns soldiers)
15400,15400.0,Navy    [Use this code only if you are unable to determine which subcoded Offence applies]
15404,15404.0,Offences against Reserve Forces Acts 1980 and 1996 (so far as concerns the naval and marine forces).
15409,15409.0,Offences against Seamen's and Soldiers' False Characters Act 1906 (so far as concerns seamen) as amended by the Armed Forces Act 1966
15417,15417.0,"Offences under Naval Discipline Act 1957 as amended by the Armed Forces Acts 1966, 1971 and 1996"
15500,15500.0,Air Force and Air Navigation    [Use this code only if you are unable to determine which subcoded Offence applies]
15501,15501.0,Offences under Air Force Act 1955 and subsequent amendments incorporated therewith (as amended by Armed Forces Act 1971 and 1996) (so far as concerns airmen)
15503,15503.0,Offences under Seamen's and Soldiers' False Characters Act 1906 (so far as concerns airmen)
15508,15508.0,Offences under Reserve Forces Acts 1980 and 1996 (so far as concerns airmen)
15509,15509.0,"Offences under Air Navigation Order 2005 AA.79, 148(5) & Sch.14A (so far as it concerns airmen). Stowaway on an aircraft"
15510,15510.0,Offences under Air Navigation Order 2005 A.148(4) - any regulations made under it or under provisions of JAR-145 not included in Schedule 12 (so far as they concerns airmen). Contravention of Rules of the Air regulations
15511,15511.0,Smoking in aircraft (so far as concerns airmen)
15512,15512.0,Failure to comply with requirement of regulations made under S.81 Transport Act 2000 S.82(1)(4) (so far as concerns airmen)
15513,15513.0,Unlawful disclosure of information provided or contained under regulations made under S.81 Transport Act 2000 S.82 (2)(5) (so far as concerns airmen)
15514,15514.0,Offences under Air Navigation (Overseas Territories) Order 2001 A.122(4)& (5) & Sch.12 Pt.A
15515,15515.0,Requirement to obey lawful commands of aircraft commander
15516,15516.0,Acting in a disruptive manner - Air Navigation Order 2009 AA.142 & 241(6) & Sch.13 Pt.B. Air Navigation Order 2005 AA.78(a)& 148(5) & Sch.14(A)
15517,15517.0,Air traffic Controllers - summary offences
15518.0,15518.0,"Exhibiting,directing or shining a light which by its glare or liability to be mistaken for an aeronautical ground light would endanger aircraft"
15600,15600.0,"Parks, commons, and open spaces, offences in relation to    [Use this code only if you are unable to determine which subcoded Offence applies]"
15601,15601.0,Offences under Enclosure Act 1857 S.12
15602,15602.0,Offences under Town Gardens Protection Act 1863 SS.4 and 5
15603,15603.0,Offences under Parks Regulation Acts 1872 and 1926 and Crown Lands Act 1936 and Regulations and Rules thereunder
15605,15605.0,Offences under Commons Act 1908 S.1
15606,15606.0,Offences under Law of Property Act 1925 S.193
15607,15607.0,Offences under Forestry Act 1967 (Except Section 7(4))
15608,15608.0,Displaying on access land notices deterring public use
15609,15609.0,Order to remove obstruction
15610,15610.0,Powers on entry for purposes of Part I - Countryside & Rights of Way Act 2000
15611,15611.0,Offences under Wildlife & Countryside Act 1981 S.28Q as added by Countryside & Rights of Way Act 2000 Sch.9
15612,15612.0,Power to take samples - Wildlife & Countryside Act 1981 S.19SZB(9) as added by Countryside & Rights of Way Act 2000 Sch.12
15613,15613.0,Enforcement of rules Commons Act 2006 S.34
15620,15620.0,"Offences against Byelaws made under Open Spaces Act 1906 S.15 and all offences in relation to parks, pleasure grounds, commons and any open spaces under Local Acts, and under all Byelaws, Regulations, or Rules made under any Public Act, Local Act or Provisional Order and New Forest Act 1964"
15700,15700.0,"Pawnbrokers Acts, offences against (by pawnbrokers)    [Use this code only if you are unable to determine which subcoded Offence applies]"
15706,15706.0,Taking firearms or ammunition in pawn (Group 1)
15707,15707.0,Taking shotgun in pawn (Group II)
15800,15800.0,Reporting Restrictions    [Use this code only if you are unable to determine which subcoded Offence applies]
15801,15801.0,Reporting restrictions - report published or included in a relevant programme in contravention of this paragraph - Crime & Disorder Act 1998 Sch.3 para.3(10)
15802,15802.0,Contravention of reporting restrictions - alleged offences involving persons under 18
15803,15803.0,Contravention of direction involving reporting restrictions; person under 18 concerned in proceedings
15804,15804.0,Contravention of direction involving reporting restrictions - witness
15805,15805.0,Report in contravention of section 47 - Restrictions on reporting directions under Chapters I (special measures directions in case of vulnerable and intimidated witnesses) and II (protection of witnesses from cross examination by accused in person) - Youth Justice and Criminal Evidence Act 1999
15806,15806.0,Publication including a report in contravention of S.66 Criminal Justice Act 2003 SS.66& 67
15900,15900.0,Unlawful disclosure of information    [Use this code only if you are unable to determine which subcoded Offence applies]
15901,15901.0,Restriction of disclosure of information - person who discloses information in contravention of this section shall be guilty of an offence
15902,15902.0,"Misrepresentations - any person who intentionally fails to comply with any requirements, imposed by virtue of this Part as to the information furnished by him or in furnishing any information required by virtue of this Part makes any statement or representation which he knows or believes to be false shall be guilty of an offence"
15903,15903.0,"Altering etc., records with intent to prevent disclosure"
15904,15904.0,"Unauthorised disclosure of information by a former or current Commissioner, Investigating Commissioner, employee, or member of a committee of information provided to CEHR. Information acquired by the Commission under Sections 16, 20, 23, 24, 25, 31 & 32 - Equality Act 2006"
15905,15905.0,"Unlawful disclosure of information, Disclose information in contravention of S.34 - Legal Aid, Sentencing and Punishment of Offenders Act 2012"
16000,16000.0,"Acting without certificate, refusing to produce certificate etc."
16100,16100.0,Allowing chimney to be on fire    [Use this code only if you are unable to determine which subcoded Offence applies]
16103,16103.0,Allowing chimney to be on fire - Offences under Town Police Clauses Act 1847 S.31
16105,16105.0,Allowing chimney to be on fire - Offences under Public Health Act 1875 S.171(2)
16110,16110.0,Offences against byelaws made under Local Government Act 1972 S.235 and Offences against byelaws made under Municipal Corporations Act 1882 S.23 which relate to allowing a chimney to be on fire. Offences against similar provisions in Local Acts and against byelaws made under Local Acts
16111,16111.0,"Offences under Metropolitan Police Acts, and Metropolitan Street Acts - which relate to allowing a chimney to be on fire"
16200,16200.0,"Disorderly behaviour (including the use of violent, obscene or abusive language)    [Use this code only if you are unable to determine which subcoded Offence applies]"
16202,16202.0,Offences which relate to disorderly behaviour in places where the Act has been incorporated with a Local Act
16203,16203.0,Offences which relate to disorderly behaviour (except offences included under specific heads such as Drunkenness).
16210,16210.0,Offences against byelaws made under Local Government Act 1972 S.235 and - offences against byelaws made under Municipal Corporation Act 1882 S.23 which relate to disorderly behaviour. Offences against similar provisions in Local Acts and against byelaws made under Local Acts
16211,16211.0,"Offences under Metropolitan Police Acts, and Metropolitan Street Acts - which relate to disorderly behaviour"
16300,16300.0,Pedestrian and non-motor vehicular street offences    [Use this code only if you are unable to determine which subcoded Offence applies]
16310,16310.0,Offences against byelaws made under Local Government Act 1972 S.235; and offences against byelaws made under Municipal Corporations Act 1882 S.23 which relate to pedestrian and non-vehicular street offences against similar provisions in Local Acts and against byelaws made under Local Acts
16311,16311.0,Offences under Metropolitan Police Acts and Metropolitan Streets Acts which relate to pedestrian and non-vehicular street offences
16400,16400.0,Other offences against certain local regulations    [Use this code only if you are unable to determine which subcoded Offence applies]
16402,16402.0,"Offences under - Town Improvement Clauses Act 1847 S.136 - (amended by Criminal justice Act 1967 Sch.3 and Criminal Justice Act 1982 SS.38, 39, 46 and Sch.3). (in places where the Act has been incorporated with a Local Act) (except offences involving disorderly behaviour)"
16403,16403.0,"Offences under - Town Police Clauses Act 1847 SS.21, 28, 29, 35 and 36 - (except offences involving disorderly behaviour or those included under specific heads such as Dogs, Highways, Drunkenness etc) Town Police Clauses Act 1847 SS.21, 28, 29, 35 and 36"
16404,16404.0,Offences under Metropolitan Fire Brigade Act 1865
16405,16405.0,Offences under Public Health Act 1875 S.171(3)
16406,16406.0,Offences under - Public Health Acts Amendment Act 1890 SS.38 (now repealed) & 51 and offences against byelaws made under these Sections
16407,16407.0,Offences under Fire Services Act 1947 S.1
16409,16409.0,Offences under Public Health Acts Amendment Act 1907 SS.80 and 94
16410,16410.0,"Offences against byelaws, regulations and other similar provisions in and Bylaws under Local Acts made under Local Government Act 1972 S.235; Police, Factories, &c. (Miscellaneous Provisions) Act 1916 S.5; Municipal Corporation Act 1882 S.23"
16411,16411.0,"Offences under Metropolitan Police Acts, and Metropolitan Street Acts, and Road Traffic Regulation Act 1984 S.11 (except offences relating to allowing chimneys to be on fire, disorderly behaviour or playing in the street or those included under specific heads such as Dogs, Highways, Drunkenness etc)."
16412,16412.0,Offences under Town Police Clauses Act 1847 S.28 - Insofar as it relates to indecently exposing the person and similar provisions in Local Acts
16415,16415.0,Offences under Environmental Protection Act 1990 S.152 - (straw or stubble).
16416,16416.0,Offences under Environmental Protection Act 1990 S.152 - (other crop residues).
16417,16417.0,Summary offences under Transport for London Road Transport Premises Byelaws
16500,16500.0,Prostitution - General    [Use this code only if you are unable to determine which subcoded Offence applies]
16501,16501.0,Kerb-crawling
16502,16502.0,Persistent soliciting of women for the purpose of prostitution
16503,16503.0,Placing of advertisement relating to prostitution
16600,16600.0,Offences by prostitutes    [Use this code only if you are unable to determine which subcoded Offence applies]
16601,16601.0,Common prostitute behaving in a riotous and indecent manner in a public place - so far as it relates to this offence when committed by a person who has been convicted as an idle and disorderly person
16604,16604.0,Person persistently loitering or soliciting for the purposes of prostitution
16620,16620.0,Offences by prostitutes: Any other similar offences
16700,16700.0,Persons aiding and abetting offences by prostitutes    [Use this code only if you are unable to determine which subcoded Offence applies]
16701,16701.0,Soliciting another for the purpose of obtaining their sexual services as a prostitute in a street or public place
16702,16702.0,"Paying or promising to pay a person to provide sexual services, where that person is subject to exploitative conduct to induce or encourage them to provide those services"
16800,16800.0,"Public Health, offences in relation to    [Use this code only if you are unable to determine which subcoded Offence applies]"
16801,16801.0,"Offences under Towns Improvement Clauses Act 1847 SS.26, 30, 46, 88, 92, 95 to 99, 102, 103, 105, 115, 118, 126 to 128, 130 and 131 in places where the Act has been incorporated in a Local Act Towns Improvement Clauses Act 1847 SS.26, 30, 46, 88, 92, 95 to 99, 102, 103, 105, 115, 118, 126 to 128, 130 and 131"
16802,16802.0,"Offences under Towns Improvement Clauses Act 1847 SS.56, 64, 65 and 109"
16803,16803.0,"Offences under Offices, Shops and Railway Premises Act 1963 as amended by the Offices, Shops and Railway Premises Regs 1974"
16804,16804.0,Offences under Public Health Act 1875 - byelaws thereunder
16805,16805.0,Offences under Municipal Corporations Act 1882 S.23 (repealed)
16807,16807.0,"Offences under Public Health Act 1961; Building Act 1984 SS.11, 52, 53, 62, 63, 73, 74, 80 & 82; Public Health (Control of disease) Act 1984 S.18"
16808,16808.0,Offences under Public Health Acts Amendment Act 1890 S.37
16809,16809.0,Establishment failing to comply or intentionally making false entry required to be kept under the regulations; Environmental Permitting (England and Wales) Regulations 2010
16810,16810.0,Offences under Notification of Births Act 1907
16811,16811.0,"Offences under Public Health Acts Amendment Act 1907 Part II, Part IV and Part IX"
16812,16812.0,Offences under Cinemas Act 1985 SS.9(4) and 10
16814,16814.0,Offences under Fabrics (misdescription) Act 1913 SS.1 and 3
16815,16815.0,"Prohibition on the use and marketing and sale of creosote and related substances Creosote (Prohibition on Use and Marketing)(No 2) Regulations 2003 Regs.4, 5, 6 and 7"
16817,16817.0,Offences under Anthrax Prevention Act 1919 and Orders thereunder
16818,16818.0,Offences under Celluloid and Cinematograph Film Act 1922
16819,16819.0,Offences under Public Health Act 1925 Part II and Part VIII
16820,16820.0,Summary offences created by Regulations made under SS.6 & 7 - Waste and Emissions Trading Act 2003
16821,16821.0,"Allowing sunbed use by children under 18 - Sunbeds (Regulation) Act 2010; S.2(1)(a), (b) or (c) & (6). Obstruction of authorised officers - Sunbeds (Regulation) Act 2010"
16823,16823.0,Offences under Sanitary Byelaws made under Local Government Act 1972 SS.235 and 237
16824,16824.0,Offences under Restriction of Ribbon Development Act 1935 S.17
16825,16825.0,"Offences under Public Health Act 1936 (except Sec.27); Public Health (Drainage of Trade Premises) Act 1937 and byelaws thereunder; Public Health (Control of Disease) Act 1984 (except SS.11 & 18); Building Act 1984 SS.3, 19, 20, 23, 25, 35, 61, 68,7 2, 77, 85, 96, 99 & 112; Registered Homes Act 1984"
16826,16826.0,"Offences under London Government Act 1963 Schedule 9 Part III paras 15, 17-20"
16829,16829.0,Offences under - Food Safety Act 1990 (except S.33(1)) and Regulations made under the Act - triable summarily only Food Safety Act 1990 (except S.33(1)) and Regulations made under the Act
16830,16830.0,Offences under Fire Services Act 1947 SS.14(5) and 30(2)
16831,16831.0,Offences under Cancer Act 1939 (except Court Orders similar to those under Public Health Act 1936).
16833,16833.0,Offences under The Noise Emission in the Environment by Equipment for use Outdoors Regulations 2001 SI 1701/2001
16834,16834.0,Offences under Housing Act 1964 (except S(8)
16835,16835.0,"Offences under Radioactive Substances Act 1948 SS.3, 4, 5 and 7"
16836,16836.0,Offences under Prevention of Damage by Pests Act 1949
16840,16840.0,Offences under Hypnotism Act 1952
16842,16842.0,Offences under Clean Air Act 1993 (except S.33 - see 168/66)
16843,16843.0,"Offences under Radioactive Substances Act 1960 SS.12(1), 13(3), 13(5) and 13(6)"
16845,16845.0,Offences under Caravan Sites and Control of Development Act 1960
16847,16847.0,"Offences under Consumer Protection Act 1987 SS.10, 12, 13, 14, 18(3)(a), 30 and 2(1)"
16851,16851.0,Offences under Mines & Quarries (Tips) Act 1969 Part II (except S.12(2)(in part))
16852,16852.0,Offences under Medicines Act 1968
16853,16853.0,Offences under Housing Act 1969
16854,16854.0,Offences under Public Health (Control of Disease) Act 1984 S.11
16855,16855.0,Offences under Agriculture (Miscellaneous Provisions) Act 1972
16856,16856.0,"Public Health, offences in relation to, Summary offences under this regulation"
16857,16857,Failure to comply with screening restriction/requirement (coronavirus)
16858,16858,Operator of Port fails to comply with direction under Coronavirus Act 2020
16859,16859,Offences by potentially infectious persons (coronavirus)
16860,16860,Breach of emergency period restrictions (coronavirus)
16861,16861,Offences in relation to events and gatherings (coronavirus)
16863,16863.0,Offences under Control of Pollution Act 1974 S.60
16864,16864.0,Offences under Control of Pollution Act 1974 S.61
16865,16865.0,Offences under Control of Pollution Act 1974 S.62
16866,16866.0,Offences under Clean Air Act 1993 S.33
16867,16867.0,Failure to comply with notice re waste collection - Environmental Protection Act 1990 S.46(1) & (6)
16868,16868.0,Failure to comply with a requirement in relation to receptacles for commercial or industrial waste
16869,16869.0,Offences under Housing Act 1985
16870,16870.0,Public Health - offences against similar provisions in Local Acts and Byelaws
16871,16871.0,Offences under Environment Act 1995 S.110(2)(a)
16872,16872.0,Offences under Environment Act 1995 S.110(2)(c)
16873,16873.0,Summary offences under Control of Dangerous Substances and Preparations Regulations 2006
16874,16874.0,Offence by an establishment failing to comply with Para.9 or 12(3) of Sch.2 or intentionally making false entry in record - Environmental Permitting (England and Wales) Regulations 2007
16875,16875.0,Offences under Environmental Protection Act 1990 S.57
16876,16876.0,Offences under Environmental Protection Act 1990 S.59
16877,16877.0,Offences under Environmental Protection Act 1990 S.60
16878,16878.0,Offences under Environment Act 1995 S.110(2)(b)
16879,16879.0,Offences under Environment Act 1995 S.110(4)(b)
16880,16880.0,Offences under Environmental Protection Act 1990 S.80
16881,16881.0,Offences under Environmental Protection Act 1990 S.82
16882,16882.0,Offences under Environmental Protection Act 1990 S.87
16883,16883.0,Offences under Environmental Protection Act 1990 SS.91 and 92
16884,16884.0,Offences under Environmental Protection Act 1990 SS.93 & 94 S.94(8) & (9) as substituted by Clean neighbourhoods and Environment Act 2006 S.21
16885,16885.0,Offences under Environmental Protection Act 1990 S.118(1)(g)
16886,16886.0,Offences under Environmental Protection Act 1990 S.118(1)(h)
16887,16887.0,Offences under Environmental Protection Act 1990 S.118(1)(i)
16888,16888.0,Offences under Environmental Protection Act 1990 S.118(1)(o)
16889,16889.0,Offences under Environmental Protection Act 1990 S.142
16890,16890.0,Offences under Environmental Protection Act 1990 Schedule 3 para (3)(1)
16891,16891.0,Offences under Control of Pollution (Amendment) Act 1989 S.1
16892,16892.0,Offences under Control of Pollution (Amendment) Act 1989 S.5(4)(a)
16893,16893.0,"Offences under Control of Pollution (Amendment) Act 1989 S.5(4)(b), (7)(a), (b) & (c), (10)(a) & (b) & (11)"
16894,16894.0,Offences under Control of Pollution (Amendment) Act 1989 Sec.6(9)
16895,16895.0,Offences under Control of Pollution (Amendment) Act 1989 S.7(3)(a)
16896,16896.0,Offences under Control of Pollution (Amendment) Act 1989 S.7(3)(b)
16897,16897.0,Offences under Noise Act 1996
16898,16898.0,Offences under National Health Service Act 1977 S.122C
16900,16900.0,"Railways, offences in relation to    [Use this code only if you are unable to determine which subcoded Offence applies]"
16901,16901.0,Offences under Railway Regulation Acts 1840-1889 as amended by Transport Act 1962
16904,16904.0,Offences under Road and Rail Traffic Act 1933 S.42(1)
16905,16905.0,"Offences under Railway Clauses Consolidation Act 1845 and Lands Clauses Consolidation Act 1845, so far as they relate to railways"
16906,16906.0,"Offences under British Railways Board Byelaws, Railway Byelaws and London Transport Byelaws made under Road Transport Act 1962 S.67"
16907,16907.0,"Offences under Transport Act 2000 S.247(6), (7) and (8) - summary"
16908,16908.0,Summary offences under Railways and Transport Safety Act 2003
16909,16909.0,Summary offences under Transport for London Regional Railway Network Byelaws
16910.0,16910.0,Summary offences under Tyneside Metro Byelaws
16920,16920.0,Offences against private Acts relating to railways
17000,17000.0,Motor Vehicle Licences; failure to pay appropriate duty - Vehicle Excise & Registration Act 1994 S.29(1)-(3)
17200,17200.0,"Summary offences under Betting and Gaming Duties Act 1981. Value Added Tax Act 1994 (VAT requirements or regulations). Car Tax Act 1983 Sch.1 P.8 (3)&(4). Customs and Excise Management Act 1979 S.102(2). Hydrocarbon Oil (Duties) Act 1979 SS.10(3)(a) & (b), 10(4), 13(1)(a) & (b), 13(2), 14(4)(a) & (b), 14(5), 22 & 23. Commissioners for Revenue and Customs Act 2005 S.30"
17300,17300.0,"Stage Carriage and Public Service Vehicles, offences peculiar to    [Use this code only if you are unable to determine which subcoded Offence applies]"
17301,17301.0,Offences under London Hackney Carriages Acts 1843 (except the offence of drunkenness under Section 28) and 1850 and London Hackney Carriage Acts 1831 and 1853 (SS.1 and 2)
17302,17302.0,Offences under Stage Carriages Act 1832 (other than those offences under Section 48 proper to classification 141)
17304,17304.0,Offences under Town Police Clauses Act 1847 SS.40 to 68 (except the offence of drunkenness under Section 61)
17305,17305.0,Offences under Metropolitan Streets Act 1885
17306,17306.0,Offences under Metropolitan Public Carriage Act 1869 and Order dated 30 December 1907 made thereunder by the Secretary of State
17307,17307.0,Offences under Public Health Act 1875 S.171(4)
17308,17308.0,Offences under Town Police Clauses Act 1889
17309,17309.0,Offences under London Cab Act 1896
17310,17310.0,Offences under London Cab and Stage Carriage Act 1907
17312,17312.0,Offences under Road Traffic Regulations Act 1984 S.35A(5)
17313,17313.0,"Offences under Public Passenger Vehicles Act 1981 - (any other offences peculiar to stage carriages and public service vehicles not classified elsewhere, particularly under the 800 series of classifications)."
17316,17316.0,Offences under Public Service Vehicles & Trolley Vehicles (Carrying Capacity) Regulations 1954
17318,17318.0,Offences relating to immobilisation and obstruction of an authorised person
17320,17320.0,Touting for hire car services in a public place
17330,17330.0,Systematic failure by operators to provide the mandatory concession
17331,17331.0,Giving false or misleading information to the Director General of Fair Trading
17350,17350.0,Offences under byelaws made under Public Health Acts (Amendment) Act 1890 S.40 and Private Hire Vehicles (London) Act 1998 - and against similar provisions in Local Acts and byelaws
17500,17500.0,Sexual Offences - miscellaneous    [Use this code only if you are unable to determine which subcoded Offence applies]
17501,17501.0,Failure to comply with any requirement imposed by regulations by virtue of S.9(3)(f) - imposing reporting restrictions in prescribed circumstances - Protection of Children Act 1999
17502,17502.0,Failure to comply with any requirement in respect of the discovery or inspection of documents imposed by the regulations by virtue of S.9(3)(h) - for granting any person such discovery or inspection of documents or right to further particulars as might be granted by a county court - Protection of Children Act 1999
17503,17503.0,Failure to comply with any requirement imposed by the regulations by virtue of S.9(3)(j) - for requiring persons to attend to give evidence and produce documents - Protection of Children Act 1999
17504,17504.0,Sexual activity in a public lavatory
17505,17505.0,Remaining on or entering premises in contravention of a S.136B closure notice - Sexual Offences Act 2003 S. 136G(1)
17506,17506.0,Remaining on or entering premises in contravention of a S.136B closure order - Sexual Offences Act 2003 S. 136G(2)
17507,17507.0,Obstructing a constable or authorised person acting under SS.136C(3) or (4) or 136F(2) or (4) - Sexual Offences Act 2003
17600,17600.0,Private security industry    [Use this code only if you are unable to determine which subcoded Offence applies]
17601,17601.0,Conduct prohibited without a licence - Private Security Industry Act 2001
17602,17602.0,Powers of entry & inspection - Private Security Industry Act 2001
17603,17603.0,False information - Private Security Industry Act 2001
17700,17700.0,Criminal Evidence Offences    [Use this code only if you are unable to determine which subcoded Offence applies]
17701,17701.0,Wilfully giving false unsworn evidence - Youth Justice and Criminal Evidence Act 1999
17900,17900.0,"Sunday trading etc., offences in relation to    [Use this code only if you are unable to determine which subcoded Offence applies]"
17903,17903.0,"Any tradesman, workman etc. exercising his ordinary calling or any person crying or exposing goods for sale on the Lord's Day"
17904,17904.0,Shop opening in contravention of Sunday Trading Act 1994 Para.2(1) - large shops shall not be open for serving retail customers except in accordance with notice to local authority
17908,17908.0,Offences under Sunday Theatre Act 1972
17909,17909.0,All offences under Sunday Trading Act 1994 (except except Sch.1 para.7(1))
17910,17910.0,Opening a large shop on Christmas Day
17911,17911.0,Loading or unloading or permitting load or unloading of goods from vehicle in loading control area for large shop on Christmas Day
18000,18000.0,"Offences under Tramways Act 1870 SS.47, 49 to 51, 53 and 54 Also similar offences against private Acts. Summary offences under Greater Manchester Metrolink System Byelaws"
18100,18100.0,Unlawful possession    [Use this code only if you are unable to determine which subcoded Offence applies]
18101,18101.0,Having in possession anything reasonably suspected of being stolen or unlawfully obtained and not giving satisfactory account of same
18104,18104.0,Being in unlawful possession of His Majesty's Stores and not satisfactorily accounting for same
18105,18105.0,Searching for stores near Her Majesty's ships etc without authority
18120,18120.0,Unlawful possession: Offences against similar provisions in Local Acts
18200,18200.0,Wandering abroad or being in any street etc to beg or gather alms or causing or procuring any child so to do - Vagrancy Act 1824
18300,18300.0,"Sleeping out: Wandering abroad and lodging in any barn, outhouse, deserted or unoccupied building etc or in the open air etc"
18400,18400.0,Obstruction or Failure to comply with authorised officer    [Use this code only if you are unable to determine which subcoded Offence applies]
18401,18401.0,"Obstruction of, or failure to comply with a duly authorised enforcement officer - Tobacco Advertising and Promotion Act 2002"
18402,18402.0,"Obstruction of, or failure to comply with an enforcement officer - Gangmasters (Licencing) Act 2004"
18500,18500.0,"Vagrancy Acts, offences against : Found in enclosed premises, possessing picklocks"
18501,18501.0,Being on enclosed premises for an unlawful purpose - Vagrancy Act 1824
18502,18502.0,Having in possession a picklock or other implement with intent to break into any premises
18800,18800.0,Other offences (against Vagrancy Acts)    [Use this code only if you are unable to determine which subcoded Offence applies]
18801,18801.0,Any petty chapman or pedlar trading without a licence - Vagrancy Act 1824
18804,18804.0,Wandering abroad and exposing wounds or deformities to obtain alms - Vagrancy Act 1824
18805,18805.0,Collecting alms or endeavouring to procure charitable contributions under fraudulent pretence - Vagrancy Act 1824
18806,18806.0,Pretending or professing to tell fortunes etc. - Vagrancy Act 1824
18899,18899.0,Offences against the Vagrancy Act 1824 not provided for above or in any other classification
18900,18900.0,"Weights and Measures Acts, offences against    [Use this code only if you are unable to determine which subcoded Offence applies]"
18901,18901.0,Offences under Weights and Measures Act 1985 (except SS.64 and 79(7)) and Regulations made thereunder
18902,18902.0,Summary offences excuding those under S.13 - Weights and Measures Acts
18903,18903.0,"Offences relating to the making up and marking of packages and outer containers, and record keeping"
19000,19000.0,"Wild Birds Protection Acts,     [Use this code only if you are unable to determine which subcoded Offence applies]"
19001,19001.0,Offences under Wildlife and Countryside Act 1981 S.1 (offences in relation to birds)
19002,19002.0,Offences under Wildlife and Countryside Act 1981 S.1 (offences in relation to nests and eggs)
19003,19003.0,Offences under Wildlife and Countryside Act 1981 S.3 (offences in relation to birds)
19004,19004.0,Offences under Wildlife and Countryside Act 1981 S.3 (offences in relation to eggs and nests)
19005,19005.0,Offences under Wildlife and Countryside Act 1981 S.3 (illegal entry)
19006,19006.0,Offences under Wildlife and Countryside Act 1981 S.5
19007,19007.0,Offences under Wildlife and Countryside Act 1981 S.6
19008,19008.0,Offences under Wildlife and Countryside Act 1981 S.17
19009,19009.0,Offences under Wildlife and Countryside Act 1981 S.7
19100,19100.0,"Wireless Telegraphy Acts, offences against    [Use this code only if you are unable to determine which subcoded Offence applies]"
19101,19101.0,Television Licence evasion - Licence required for TV receiver
19102,19102.0,Contravention of S.1(1) - keeping wireless telegraphy station or apparatus available for unauthorised use - Wireless Telegraphy Acts
19103,19103.0,"Summary offences against Wireless Telegraphy Acts 1949 to 1967 (Except SS.1A, 1AA, 5(a), 13 & 14(1aa)&(1ab) of the 1949 Act"
19104,19104.0,Failing or refusing without reasonable excuse to cause surrender of wireless telegraphy licence to OFCOM
19105,19105.0,Failing to provide information or knowingly providing false information to OFCOM in accordance with S.32 requirement - Wireless Telegraphy Act 2006
19106,19106.0,Installing or using wireless telegraphy receiving equipment without a S.8 licence - Wireless Telegraphy Act 2006
19107,19107.0,Commit offence not falling within S.35(2) or (4) - Wireless Telegraphy Act 2006
19108,19108.0,Possessing or control wireless telegraphy receiving apparatus with intent for oneself or another to use it to contravene SS.8 and 35(2) - Wireless Telegraphy Act 2006
19109,19109.0,Commit offence not falling within S.36(2) or (4) - Wireless Telegraphy Act 2006
19110,19110.0,Contravening regulations made under S.45 of the Act - Wireless Telegraphy Act 2006
19111,19111.0,Unlawful interception or disclosure of message obtained by wireless telegraphy
19112,19112.0,Failing or refusing to cause to be surrendered to the Secretary of State an authority under S.52(3) - Wireless Telegraphy Act 2006
19113,19113.0,"Using, causing use or permitting use of apparatus in contravention of a notice under S.55 of the Act knowing that such a notice is in force - Wireless Telegraphy Act 2006"
19115,19115.0,Contravene provision of S.56 notice - Wireless Telegraphy Act 2006
19117,19117.0,"Obstructing, failing or refusing to give person exercising powers under S.59 of Act such assistance as under a duty to give - Wireless Telegraphy Act 2006"
19118,19118.0,Take any action falling within S.62(3)(a)-(d) in relation to apparatus in contravention of S.62(5) restriction order - Wireless Telegraphy Act 2006
19119,19119.0,Without reasonable excuse having custody or control of apparatus in contravention of S.62(5) - Wireless Telegraphy Act 2006
19120,19120.0,In course of trade or business supplying or offering to supply apparatus in contravention of S.72 Order; publishing advert for supply of apparatus where advert fails to comply with S.73 order requirement - Wireless Telegraphy Act 2006
19200,19200.0,Video Recordings Act 1984    [Use this code only if you are unable to determine which subcoded Offence applies]
19203,19203.0,Supplying video recording of classified work in breach of classification
19204,19204.0,Certain video recordings only to be supplied in licensed sex shops
19205,19205.0,Supply of video recording not complying with requirements as to labels etc.
19206,19206.0,Supply of video recording containing false indication as to classification
19300,19300.0,"Misuse of Drugs, offences in relation to    [Use this code only if you are unable to determine which subcoded Offence applies]"
19301,19301.0,Production or being concerned in the production of a controlled drug
19302,19302.0,Supplying or offering to supply a controlled drug or being concerned in the doing of either activity by another
19303,19303.0,Having possession of a controlled drug (1972- )
19304,19304.0,Having possession of a controlled drug with intent to supply it to another
19305,19305.0,Cultivation of cannabis plant
19306,19306.0,Being the occupier or concerned in the management of premises and permitting or suffering certain activities to take place there
19307,19307.0,Offences relating to opium
19308,19308.0,Contravention of directions relating to safe custody of controlled drugs
19309,19309.0,"Contravention of direction prohibiting practitioner etc from possessing, supplying etc controlled drugs"
19310,19310.0,"Contravention of direction prohibiting practitioner etc from prescribing, supplying etc controlled drugs"
19311,19311.0,"Failure to comply with notice requiring information relating to prescribing, supply etc of drugs"
19312,19312.0,"Giving false information in purported compliance with notice requiring information relating to prescribing, supply etc of drugs"
19313,19313.0,Contravention of terms of licence or other authority (other than licence issued under regulations relating to addicts)
19314,19314.0,Giving false information in purported compliance with obligation to give information imposed or by virtue of regulations
19315,19315.0,Giving false information or producing document etc containing false statement etc for the purpose of obtaining issue or renewal of a licence or other authority
19316,19316.0,Assisting in or inducing commission outside United Kingdom of an offence punishable under a corresponding law
19317,19317.0,"Obstructing exercise of powers of search etc or concealing books, drugs etc"
19318,19318.0,Offences in relation to the unlawful importation or exportation of a drug which at the time the offence was committed were under Dangerous Drugs Acts 1965 and 1967 or the Drugs (Prevention of Misuse) Act 1964
19319,19319.0,Offences in relation to the unlawful importation of a drug controlled under Misuse of Drugs Act 1971
19320,19320.0,Offences in relation to the unlawful exportation of a drug controlled under Misuse of Drugs Act 1971
19321,19321.0,Delivering drugs to a person who does not produce the required statement
19322,19322.0,Delivering drugs to specified persons without obtaining required requisition or on a requisition which does not comply
19323,19323.0,Failure to furnish a requisition within 24 hours of undertaking
19324,19324.0,Delivering drugs to Matron or Master of foreign ship on a requisition which is not countersigned by a specified medical practitioner
19325,19325.0,Dispenser at hospital or nursing home supplying drugs to a Sister without obtaining a required requisition or without marking requisition or retaining requisition or Sister failing to keep a copy as specified
19326,19326.0,Issuing a prescription which does not comply with requirements
19327,19327.0,Supplying drugs on a prescription otherwise than in accordance with the requirements of regulation 16(1)
19328,19328.0,Dispenser failing to mark due date of dispensing on a prescription or to retain it
19329,19329.0,Supplying drugs on prescription otherwise than in accordance with the directions as to instalments
19330,19330.0,"Supplying a drug in a container, which is not marked with the details of the contents as required under this regulation"
19331,19331.0,Authorised person failing to keep a proper register showing particulars of drugs obtained by him or supplied by him or failing to keep separate registers for different drugs
19332,19332.0,Master of ship or manager of offshore installation failing to keep register or in accordance with Regs 21(1) and (2) to make an entry in the logbook of drugs supplied by him
19333,19333.0,"Authorised person failing to comply with additional requirements concerning the keeping of registers as set out in paragraphs (a) to (e), (g) to (h) of this regulation"
19334,19334.0,"Person failing to furnish particulars of drug obtained, supplied or held by him or failing to produce stock of drugs or register or other relevant documents"
19335,19335.0,Failure by Midwife to record in a book particulars of drugs obtained or administered by her
19336,19336.0,"Failure to preserve registers, books, requisitions, orders or prescriptions for a period of 2 years"
19337,19337.0,Producer or wholesaler of Schedule 1 drugs failing to keep invoices for drugs obtained or supplied by him; retailer failing to keep invoices of such drugs obtained by him; any such person failing to preserve invoices for 2 years
19338,19338.0,Destruction of a drug other than in the presence of or in accordance with directions given by an authorised person
19339,19339.0,Failure to record particulars concerning the destruction of drugs and have records signed by authorised person
19340,19340.0,Master or owner of ship or manager of offshore installation unlawfully destroying or causing drugs to be destroyed
19341,19341.0,"Failure to preserve for a period of 2 years registers, records, books, prescriptions or other documents required to be preserved under Regulation 26 of Dangerous Drugs (no2) Regs 1964"
19342,19342.0,Occupier or manager of premises failing to keep drugs in a locked store which complies with specifications set out in Schedule 2 or with terms of certificate issued by the police
19343,19343.0,"Failure to keep drugs which are kept otherwise than in a locked store, in a locked receptacle"
19344,19344.0,Offences under Intoxicating substances (Supply) Act 1985 S.1
19346,19346.0,Supply etc of articles for administering or preparing controlled drugs
19347,19347.0,Failure to comply with a pre-sentence Drug Testing Order
19348,19348.0,Failure to provide a sample
19349,19349.0,Obstructing a constable etc. acting under S.1(6) or S.3(2) - serving closure notice - Anti-social Behaviour Act 2003
19350,19350.0,Remaining on premises in respect of which a closure notice has been made
19351,19351.0,Entering premises in respect of which a closure notice has been made
19352.0,19352.0,Remaining on or entering premises in contravention of a closure notice issued by a constable or authorised person
19353,19353.0,Failure to attend or stay for the duration of an initial assessment following test for class A drug
19354,19354.0,Failure to attend or stay for the duration of a follow up assessment following test for class A drug
19355,19355.0,Failure to comply with any requirement of intervention order
19391,19391.0,Offences against the Dangerous Drugs Act 1965 and 1967
19392,19392.0,Offences against the Drugs (Prevention of Misuse) Act 1964
19400,19400.0,"Immigration Act, offences against    [Use this code only if you are unable to determine which subcoded Offence applies]"
19401,19401.0,Non-citizen entering United Kingdom in breach of deportation order
19402,19402.0,Non-citizen entering United Kingdom without leave
19403,19403.0,Non-citizen having only a limited leave remaining in United Kingdom beyond the time limit
19404,19404.0,Non-citizen failing to observe conditions of leave
19405,19405.0,Non-citizen who enters United Kingdom as a member of a crew of a ship or aircraft and who is required to leave on the ship or aircraft remaining in the United Kingdom beyond the time allowed
19406,19406.0,Non-citizen failing to comply with requirements to report to a medical officer or to submit to a test or examination required by such an officer
19407,19407.0,Non-citizen failing to observe any restrictions as to residence or to reporting to police or an immigration officer
19408,19408.0,Non-citizen disembarking in the United Kingdom from a ship or aircraft after being placed on board with a view to removal from United Kingdom
19409,19409.0,Non-citizen embarking in contravention of a restriction imposed by Order in Council
19410,19410.0,Knowingly facilitates (or assists) the entry of an illegal entrant (or person believed to be an illegal entrant)
19411,19411.0,Knowingly harbouring an illegal entrant (or person believed to be an illegal entrant)
19412,19412.0,Knowingly harbouring a non-citizen who has remained in United Kingdom beyond the time allowed or who has failed to observe a condition of the leave
19413,19413.0,Refusing or failing without reasonable excuse to submit to an examination by an immigration officer
19414,19414.0,Refusing or failing without reasonable excuse to submit to an examination by a medical inspector
19415,19415.0,Refusing or failing without reasonable excuse to produce documents or information to immigration officer or medical inspector
19416,19416.0,"Making false statement, return or representation to an immigration officer etc."
19417,19417.0,"Without authority altering any certificate of partiality, entry clearance, work permit or other document made under or for the purpose of the Immigration Act 1971"
19418,19418.0,"Having possession of any passport, certificate of partiality, entry clearance, work permit or other document made under, or for the purpose of the Immigration Act 1971 which is known or is reasonably believed to be false"
19419,19419.0,Without reasonable excuse failing to complete and produce a landing or embarkation card
19420,19420.0,Alien without reasonable excuse failing to register with police
19421,19421.0,Alien without reasonable excuse failing to produce documents or furnish information when registering
19422,19422.0,Failing to provide for records to be made and kept of persons staying at hotels and other premises lodging or sleeping accommodation is provided
19423,19423.0,Failing to supply necessary information for the purpose of records of persons staying at hostels and other premises where lodging or sleeping accommodation is provided
19424,19424.0,Offences in connection with the issue of certificate of registration - Immigration Act 1971
19425,19425.0,Offences in connection with the production of certificates of registration - Immigration Act 1971
19426,19426.0,Offences in connection with the payment of fees for certificates of registration - Immigration Act 1971
19427,19427.0,Without reasonable excuse obstructing an immigration officer or other person lawfully acting in the execution of the Immigration Act 1971
19428,19428.0,Captain of a ship or aircraft knowingly permitting a person to disembark when required to prevent it
19429,19429.0,"Captain of a ship or aircraft failing, without reasonable excuse, to take the proper procedure in connection with the disembarkation or examination of passengers or for furnishing a passenger list or particulars of the crew"
19430,19430.0,"Captain of a ship or aircraft failing, without reasonable excuse, to comply with a direction given in respect of the removal of a person from the United Kingdom"
19431,19431.0,Owner or agent of a ship or aircraft arranging or being knowingly concerned in any arrangement for a ship or aircraft to call at a port other than a port of entry
19432,19432.0,"Owner or agent of a ship or aircraft failing, without reasonable excuse, to supply passengers with landing or embarkation cards"
19433,19433.0,"Owner or agent of a ship or aircraft failing, without reasonable excuse, to make arrangements for the removal of a person from the United Kingdom when required to do so"
19434,19434.0,Owner or agent of a ship or aircraft or a person concerned in the management of a port failing without reasonable excuse to take the proper procedure required in relation to the embarkation or disembarkation of passengers where a control area is designated
19435,19435.0,Employing a person subject to immigration control who has attained the age of 16
19437,19437.0,Giving false information with a view to obtaining assistance under Part VI (support for asylum seekers) for himself or any other person - Immigration and Asylum Act 1999
19438,19438.0,Obstruction of a person carrying out functions under Part VI or failure to give information when required by the Act - Immigration and Asylum Act 1999
19439,19439.0,Deliberate failure or refusal of a sponsor to maintain an immigrant so that that person has to rely on support arrangements created under Part VI - Immigration and Asylum Act 1999
19440,19440.0,Failure to attend or give evidence or produce documents before an adjudicator or tribunal and failure to comply with the requirements
19441,19441.0,Obtaining a certificate of authorisation by false pretences - Immigration and Asylum Act 1999
19442,19442.0,Assaulting a detainee custody officer
19443,19443.0,Wilfully obstructing a detainee custody officer
19444,19444.0,Bringing or attempting to bring in alcohol or placing alcohol anywhere outside a detention centre or allowing alcohol to be sold or used in the centre
19445,19445.0,Conveying or attempting to convey anything into or out of the detention centre or placing anything anywhere outside a detention centre intending it to come into the possession of a detained person
19446,19446.0,Immigrant failing without reasonable excuse to submit to a medical examination
19447,19447.0,"Failure to comply with a requirement imposed in accordance with rules under 106(4) to attend before an adjudicator or the Tribunal, to give evidence or to produce a document - Nationality, Immigration & Asylum Act 2002"
19448,19448.0,"Without reasonable excuse failing to comply with S.136(3); to provide the Secretary of State with the information specified in the 'Notice' - Nationality, Immigration & Asylum Act 2002"
19449,19449.0,"Withholding or withdrawal of support - Nationality, Immigration & Asylum Act 2002"
19450,19450.0,Obstruction of Immigration Service commissioner in the exercise of a power by virtue of S.38 - Asylum & Immigration (Treatment of Claimants) Act 2004
19451,19451.0,Advertising of offering to provide immigration advice or services when unqualified
19452,19452.0,"Failure to comply with a requirement to provide information under SS.32 (2) or (3)(passenger and crew information) and S.33(2) (Freight information) - Immigration, Asylum and Nationality Act 2006"
19453,19453.0,"Absconding from detention etc - Immigration, Asylum and Nationality Act 2006"
19454,19454.0,"Obstructing or assaulting authorised person exercising powers under S.40 Immigration, Asylum and Nationality Act 2006"
19455,19455.0,Employing Accession State national subject to worker authorisation in accession period not holder of authorisation document
19456,19456.0,Accession State national subject to worker authorisation working in UK during accession period - Accession (Immigration and Worker Authorisation) Regulations 2006
19457,19457.0,Obtaining or seeking to obtain an accession worker card by means including deception
19458,19458.0,Accession State national subject to worker authorisation work in UK during accession period work in breach of conditions
19459,19459.0,Obtaining or seeking to obtain an accession worker card by means including deception
19460,19460.0,Abscond from a designated immigration officer having been detained under section 2 - UK Borders Act 2007
19461,19461.0,Obstruct a designated immigration officer exercising section 2 detention powers - UK Borders Act 2007
19462.0,19462.0,Impersonate or make a statement or do an act suggesting you are or have powers of an NCA officer acting or assisting in the exercise of an operational power
19500,19500.0,Other Offences    [Use this code only if you are unable to determine which subcoded Offence applies]
19501,19501.0,Offences under Civil Aviation Act 1982
19502,19502.0,Offences under Children Act 1989 S.49
19503,19503.0,Summary offences under Ecodesign for Energy-Related Products Regulations 2010
19504,19504.0,Offences under Companies Acts 1948 to 1989
19505,19505.0,Offences under Children Act 1989 S.50
19506,19506.0,Offences under Electric Lighting Act 1882 (except S.22)
19507,19507.0,Offences under Child Benefit Act 1975 S.11
19508,19508.0,Offences under Criminal Justice & Public Order Act 1994 S.60
19509,19509.0,Offences under Gas Acts 1965 and 1986
19510,19510.0,Without authority sell an Olympic games ticket
19511,19511.0,Failure to attend etc. an inquiry into matters connected with NCIS
19512,19512.0,Pursue course of conduct in breach of S.1(1) which amounts to stalking - Protection from Harassment Act 1997
19513,19513.0,Offences under Medical Act 1956 and Medical Act 1983 S 49
19514,19514.0,Offences under National Service Act 1948
19515,19515.0,"Offences under Political Parties, Elections and Referendums Act 2000"
19516,19516.0,Offences under Pharmacy Act 1954 S 20 and Poisons Act 1972
19517,19517.0,Offences under Mental Health Act 1959 S.20 and Mental Health Act 1983 SS.103 & 129
19518,19518.0,Offences under Criminal Justice & Police Act 2001 S.36(3)
19519,19519.0,Having folding pocket knife with blade the cutting edge of which exceeds 3 inches in public place
19520,19520.0,Offences under Restriction of Offensive Weapons Act 1959 and Criminal Justice Act 1988 S.141
19521,19521.0,Offences under Magistrates' Courts Act 1980 (except S.106)(including SS.4-8C as amended by Criminal Justice & Public Order Act 1994 S.44 Sch.4). Justice of the Peace Act 1361
19522,19522.0,"Selling to a person under age of 18 years a knife, knife blade, razor blade, axe or any other article which has a blade, that is sharply pointed and which is made or adapted for use for causing injury to the person"
19523,19523.0,"Offences under Criminal Justice & Police Act 2001 S.42(7), (7A)&(7B) as added by Serious Organised Crime and Police Act 2005 S.127"
19524,19524.0,Offences under Postal Services Act 2000 S.84
19525,19525.0,Offences under Statistics of Trade Act 1947
19526,19526.0,Offences under Public Libraries and Museums Act 1964
19527,19527.0,All other offences under Road Traffic Act 1988 not connected with driving motor vehicles
19528,19528.0,Regulations made under Health & Social Care Act 2001 S.60(2)(d)
19529,19529.0,Offences under Hull Dock Byelaws
19530,19530.0,Offences under Port of London Dock Byelaws
19531,19531.0,Offences under Port of London Authority Byelaws
19532,19532.0,Offences under Protection of Depositors Act 1963
19533,19533.0,Offences under Agriculture and Horticulture Act 1964
19534,19534.0,Offences under Scrap Metal Dealers Act 1964
19535,19535.0,Intentionally obstructing officer of enforcement authority acting in pursuance of regulations - Consumer Protection from Unfair Trading Regulations 2008. Intentionally failing to comply with requirement by officer of enforcement authority under R.21 - Consumer Protection from Unfair Trading Regulations 2008. Failure to give officer of enforcement authority assistance or information reasonably required for performance of functions - Consumer Protection from Unfair Trading Regulations 2008
19536.0,19536.0,Scrap metal dealer pay for scrap metal other than by cheque or electronic transfer of funds
19538,19538.0,Offences under Cemeteries Clauses Act 1847
19539,19539.0,Offences under Ecclesiastical Courts Jurisdiction Act 1860
19540,19540.0,Offences under Telecommunications Act 1984 - all summary offences except S.43
19541,19541.0,Offences under Malicious Communications Act 1988 S.1
19542,19542.0,Offences under Landlord and Tenant Act 1985
19543,19543.0,Summary offences under Midland Metro System Byelaws 1999
19544,19544.0,Failure to remove item worn by him when required to do so by a constable in the exercise of his powers under S.60AA. - Criminal Justice and Public Order Act 1994
19545,19545.0,"Contravention of Heathrow Airport byelaws (Heathrow Airport Byelaws 1996), Contravention of Luton Airport Byelaws (Luton Airport Byelaws), Contravention of Stanstead Airport Byelaws (Stansted Airport Byelaws 1996)"
19546,19546.0,Conveyance etc. of List C articles into or out of prison
19547,19547.0,Offences under Prevention of Fraud (Investments) Act 1958
19548,19548.0,Failing to comply with requirement imposed under disclosure order - Proceeds of Crime Act 2002; Financial institution failing to comply with requirement imposed under Customer Information Order
19549,19549.0,Offences under Manchester Ship Canal byelaws
19550,19550.0,Offences under Refuse Disposal (Amenity) Act 1978
19551,19551.0,Offences under Telecommunications Act 1984 S.43 as amended by the Criminal Justice and Public Order Act 1994 S.92
19552,19552.0,Falsification etc of certificates of criminal records and convictions
19553,19553.0,Causing wasteful employment of the police etc
19554,19554.0,Offences under Disability Discrimination Act 1995 and regulations made under it (Summary Offences)
19555,19555.0,Failure to comply with any requirement of Reparation Order
19556,19556.0,Failure to comply with any requirement of Action Plan Order
19557,19557.0,Offences under Trade Descriptions Act 1968 S.29 (other than false statements)
19558,19558.0,Offences under Insurance Companies Act 1982 S.71(3)
19559,19559.0,Offences under Computer Misuse Act 1990 S.1
19560,19560.0,Breach of supervision requirements of Detention and Training Order
19561,19561.0,Offences under Protection from Eviction Act 1977 S 7
19562,19562.0,Offences under Airports Act 1986 S.63
19563,19563.0,Offences under Criminal Law Act 1977 S.6 as amended by Criminal Justice & Public Order Act 1994 S.72
19564,19564.0,Offences under Caravan Sites Act 1968 S.10
19565,19565.0,Disclosure of information provided on Certificates of Criminal Records
19566,19566.0,Breach of licence conditions by short term prisoner
19567,19567.0,Failure by young offender to comply with supervision requirements after release from custodial sentence
19568,19568.0,Offences under Criminal Justice Act 1991 S.20(2)
19569,19569.0,Offences under Criminal Justice Act 1991 SS.20(3) & 20A as added by Criminal Justice & Public Order Act 1994 S.168 Sch.9(43)
19570,19570.0,Summary offences under Town and Country Planning Act 1990 SS.65 & 181
19571,19571.0,Failure to comply with planning contravention notice
19572,19572.0,False or misleading statements purporting to comply with requirements of a planning contravention notice
19573,19573.0,Failure to comply with breach of condition notice
19574,19574.0,Wilfully obstructing person acting in exercise of right of entry
19575,19575.0,Contravention of provisions of tree preservation order
19576,19576.0,"Summary offences under Town and Country Planning Act 1990 SS.214D, 216(1-5), 224(1-3) and 330(4)"
19577,19577.0,Wilful obstruction of authorised person (rights of entry)
19578,19578.0,Offences under Treasure Act 1996 S.(1)(3)
19579,19579.0,Failure to comply with conditions specified on licence (release following recall to prison)
19580.0,19580.0,Selling or hiring a crossbow or part of a crossbow to person under the age of 18
19581,19581.0,Person under the age of 18 buying or hiring a crossbow or part of crossbow
19582,19582.0,Person under the age 18 having a crossbow or component parts of a crossbow
19583,19583.0,Offences under Party Wall etc. Act 1996
19584,19584.0,Offences under Housing Act 1996
19585,19585.0,Power of Justice to take depositions; witness refusing to have his evidence taken as a deposition or to produce the document or other exhibit
19586,19586.0,Conspiring in the UK to commit crimes overseas - summary offences.
19587,19587.0,With intent to deceive issuing a document which purports to be issued by a person on a list of approved air cargo agents maintained under S.21F(2)(a) - Aviation Security Act 1982
19588,19588.0,"Summary offences under Copyright, Designs and Patents Act 1988"
19589,19589.0,Summary Offences under Trade Marks Act 1994
19590,19590.0,Unauthorised person selling or otherwise disposing of tickets for a designated football match
19591,19591.0,Impersonation of member of police force or special constable
19592,19592.0,Wearing any article of police uniform with intent to deceive
19593,19593.0,Possession of any article of police uniform gained unlawfully
19594,19594.0,Offence of harassment
19599,19599.0,Other Offences (Specify offence and Act and Section under which proceedings were taken.)
19600.0,19600.0,Other Offences    [Use this code only if you are unable to determine which subcoded Offence applies]
19601,19601.0,Contravening a prohibition imposed by fireworks regulations
19602,19602.0,Failure to comply with a requirement imposed in or under fireworks regulations to give or not give information
19603,19603.0,A financial institution without reasonable excuse failing to comply with a requirement imposed on it under a customer information order
19604,19604.0,Failure to deliver driving licence or counterpart to appropriate Minister within 21 days.
19605,19605.0,All summary offences under the Postal Services Act 2000 excluding S.84
19606,19606.0,All summary offences under Consumer Credit Act 1974
19607,19607.0,Improper use of public electronic communications network
19608,19608.0,All summary offences under Communications Act 2003 (except S.363)
19610,19610.0,"All summary offences under Criminal Justice Act 1992 S.24(2A),(2B)&(2C) as added by Courts Act 2003 S.96"
19611,19611.0,All summary offences under Courts Act 2003 Sch.5
19612,19612.0,All summary offences under Criminal Justice Act 2003 (except S.83)
19613,19613.0,Breach of Individual Support Orders
19614,19614.0,Offences in relation to reporting Crime & Disorder Act 1998 S.52B as added by Criminal Justice Act 2003 Sch.3
19615,19615.0,Contravention of a direction given by a constable under Section 30(4) [dispersal of groups & removal of persons under 16 to their place of residence] - Anti-social Behaviour Act 2003
19616,19616.0,Without reasonable excuse permitting premises to be open in contravention of closure order
19617,19617.0,Selling aerosol paint container to a person under 16 years
19618,19618.0,Summary offences under Nursing and Midwifery Order 2001 Article 44
19619,19619.0,Failure to take action in accordance with remedial notice Anti-social Behaviour Act 2003 S.75(1)
19620,19620.0,Failure to comply with remedial notice is continuing Anti-social Behaviour Act 2003 S.75(7) and (9)
19621,19621.0,After conviction under S.75(9) person still fails to comply with remedial order Anti-social Behaviour Act 2003 S.75(10)
19622,19622.0,Wilful obstruction of a person acting in the exercise of powers under Section 84 to enter land and take action Anti-social Behaviour Act 2003 S.77
19623,19623.0,Failure to furnish the Commissioners with evidence of destination to which cultural objects were delivered
19624.0,19624.0,Obstruction of person acting in the exercise of the powers under Section 74 (powers of entry for purposes of complaints and appeals) - Anti-social Behaviour Act 2003
19625,19625.0,Summary offences under Common Agricultural Policy (Protection of Community Arrangements) Regulations 1992
19626,19626.0,Summary offences under The Horse Passports (England) Regulations 2004
19627,19627.0,Entering into arrangements with gangmasters
19628,19628.0,Summary offences under Adoption Act 1976
19629,19629.0,Summary offences under Adoption and Children Act 2002
19630,19630.0,Summary offences under Fire and Rescue Services Act 2004
19631,19631.0,Impersonating a traffic officer
19632,19632.0,Regulations made under S.80 - Traffic Management Act 2004
19633,19633.0,All other summary offences under Human Tissue Act 2004 (except SS.32 & 33)
19634,19634.0,Restriction on transplants involving a live donor
19635,19635.0,Prohibition of commercial dealings in human material for transplantation
19636,19636.0,Summary offences - Aviation and Maritime Security Act 1990
19637,19637.0,Summary offences - The Plant Protection Products Regulations 2005
19638,19638.0,"Summary offences - Housing Act 2004 except SS.72(1),(2)&(6) & 95(1)&(5)"
19639,19639.0,Summary offences connected with HMO and housing licences
19640,19640.0,Summary offences - Clean Neighbourhoods and Environment Act 2005
19641,19641.0,Unauthorised free distribution of printed matter
19642,19642.0,Summary offences under Chiropractors Act 1994
19643,19643.0,Summary offences under Civil Partnership Act 2004 SS.33(3)&(4) & 158
19644,19644.0,Failure to comply with litter clearing notice
19646,19646.0,Unlawful publication or causing to published an advertisement which indicates an intention to discriminate unlawfully
19647,19647.0,Unlawfully and knowingly helping someone to do an act that is unlawful under Part 2 of this Act - Equality Act 2006
19648,19648.0,Wilfully delaying or obstructing officer of the Inland Revenue in pursuance of power to inspect premises
19649,19649.0,Possessing a pesticide containing a prescribed ingredient
19650,19650.0,Contravention of prohibition imposed by Article 3 or 4 - Trade in Goods (Control) Order 2003
19651,19651.0,Infringing the prohibition on acceptance of technical assistance etc.
19652,19652.0,"Summary offences Plant Protection Products Regulations 2005 RR.14(2), 16(5)&(6) 21(3) & 22(2)"
19653,19653.0,"Summary offences Pensions Act 2004 SS.14(2), 16(5) & (6), 21 (3)&22(2)"
19654,19654.0,"Supplying, offering, agreeing, exposing or possessing to supply furniture which did not satisfy Sch.1 of the Regs."
19657.0,19657.0,Obstructing or failing to assist execution of DPA warrant or Europol systems inspection
19658,19658.0,Summary offences except S.54A & Sch.9 para 12 Data Protection Act 1998 S.60
19659,19659.0,Summary offences Terrorism (United Nations Measures) Order 2006 A.2(3); Sch.1 P.4
19660,19660.0,"Summary offences (except S.85) Childcare Act 2006 SS.33(7)&(8),34(5) &(6),38 (5)&(6),43(3),52 (7),53(5)&(6),58 (5)&(6), 59(7),66 (5)&(6), 69(9)& (10),76 (2),(3), (4)&(7)& 77(8)&(9)"
19661,19661.0,Summary Offences Plastic Materials and Articles in Contact with Food (England) (No.2) Regulations 2006 R.15 (2)(b)
19662,19662.0,"Summary offences under Care Standards Act 2006 SS.11(1), (5)(a) & (b) & 6(a) & (b), 24, 25, 26 (1), (3) & (4), 27, 28, 31(9) (a)&(b) & 61; Sch.3 P.5(1)& (4)"
19663,19663.0,Summary offences under General Product Safety Regulations 2005
19664,19664.0,Occupier or person concerned in management of smoke-free premises failing to comply with duty to ensure notices are displayed
19665,19665.0,Smoking in a smoke-free place
19666,19666.0,Occupier or person concerned in management of smoke-free premises failing in duty to cause person smoking there to stop
19667,19667.0,Failing to comply with requirement imposed by SS.46 or 47 Health Act 2006
19668,19668.0,Selling a weapon by way of trade or business when transaction not face to face
19669,19669.0,Firing an air weapon beyond premises
19670,19670.0,"Selling, buying or attempting to buy a primer or empty cartridge case incorporating a primer"
19671,19671.0,Manufacturing or selling a realistic imitation firearm; modifying an imitation firearm so it becomes a realistic imitation firearm; or bringing or causing to be brought a realistic imitation firearm into GB
19672,19672.0,Person under 18 purchasing an imitation firearm; selling an imitation firearm to person under 18
19673,19673.0,Obstructing or hindering another while he/she is responding or assisting a third person responding in S.1(2) capacity to emergency circumstances - Emergency Workers (Obstruction) Act 2006
19674,19674.0,Engaging in regulated activity when subject to monitoring; engaging in Sch.4 regulated activity when not monitored in relation to regulated activity relating to children - Safeguarding Vulnerable Groups Act 2006
19675,19675.0,Acting as member of governing body of S.8(5) educational establishment when not monitored about regulated activity concerning children - Safeguarding Vulnerable Groups Act 2006
19676,19676.0,Regulated activity provider permitting a person to engage in regulated activity in relation to which person is not subject to monitoring; personnel supplier supplying a person knowing that that person will then engage in regulated activity in relation to which he is not subject to monitoring
19677,19677.0,Regulated activity provider failing to ascertain if person permitted to engage in regulated activity which was subject to monitoring; knowingly or recklessly providing Sch.5 written confirmation that is false in any material respect
19678,19678.0,Educational establishment: failure to check on members of governing body
19679,19679.0,Contravening regulations in relation to office holders
19680,19680.0,Permitting an unmonitored individual to engage in a regulated activity while acting or appearing to act for regulated provider; supplying an unmonitored individual to engage in regulated activity while acting or appearing to act for personnel supplier
19681,19681.0,Contravene regulations in relation to a controlled activity
19682,19682.0,"Requiring another or third party to supply relevant record in connection with recruitment or continued employment or provision of goods, facilities or services to the public"
19683,19683.0,Offences in relation to employment businesses: failure to check
19684,19684.0,Specification for imitation firearms
19685,19685.0,Summary offences in relation to manufacture of tobacco products
19686,19686.0,"Failing to comply with County Courts Act 1984 S.117J(2), (3) & (4) as inserted by Tribunals, Courts and Enforcement Act 2007"
19687,19687.0,Failure to comply with overcrowding order or obstructing a relevant person in performance of anything required by Parts 1 to 4 of this Act - Housing Act 2004
19688,19688.0,Remaining on or entering premises in contravention of Part 1A closure notice - Anti-Social Behaviour Act 2003
19689,19689.0,Obstructing a person acting under S.11A(7) or 11C(20) - Anti-Social Behaviour Act 2003
19690,19690.0,Remaining on closed premises - Anti-Social Behaviour Act 2003
19691,19691.0,Entering closed premises - Anti-Social Behaviour Act 2003
19692,19692.0,Intentionally encouraging or assisting commission of a summary offence
19693,19693.0,Encouraging or assisting in the commission of a summary offence believing it will be committed (Serious Crime Act 2007)
19694,19694.0,"Offences under regulation 47, 48, or 50(2) - Electromagnetic Compatibility Regulations 2006"
19695,19695.0,"Offences under regulation 46, 49, 50(1) or 51 - Electromagnetic Compatibility Regulations 2006"
19696,19696.0,Contravening or failing to comply with Regulations 5(1) or 12 - Radio Equipment and Telecommunications Terminal Equipment Regulations 2000
19697,19697.0,Failure to supply or retain a copy of appropriate documentation as required by Regulation 9(3) - Radio Equipment and Telecommunications Terminal Equipment Regulations 2000
19698.0,19698.0,Summary offences under Marine and Coastal Access Act 2009
19701,19701.0,Summary offences under these regulations - Conservation of Habitats and Species Regulations 2010
19717,19717,Unauthorised recording/transmission of court proceedings broadcast or video/audio link
50100,50100.0,Order to enter into recognizances or find sureties to keep the peace or to find sureties for good behaviour (bound over) - made on complaint when no offence has been charged
50200,50200.0,Banning orders made on complaint (SS.14B and 21(B)) and banning orders arising out of offences outside England and Wales (S.22)
50300,50300.0,Sexual Offences Prevention Order (SOPO) or Interim Order made on application by police
50400,50400.0,Risk of Sexual Harm Order (RSHO) or Interim RSHO made on application by police
80200,80200.0,"Aiding, abetting, causing or permitting reckless driving"
80300,80300.0,Driving etc after consuming alcohol or taking drugs    [Use this code only if you are unable to determine which subcoded Offence applies]
80301,80301.0,Driving or attempting to drive a motor vehicle whilst unfit through drink or drugs (impairment)
80302,80302.0,"Driving or attempting to drive a motor vehicle while having a breath, urine or blood alcohol concentration in excess of the prescribed limit"
80303,80303.0,Failing without reasonable excuse to provide a specimen for a laboratory test or two specimens for analysis of breath if at the relevant time driving or attempting to drive a motor vehicle
80304,80304.0,Being in charge of a motor vehicle while unfit through drink or drugs (impairment)
80305,80305.0,"Being in charge of a motor vehicle while having a breath, urine or blood alcohol concentration in excess of the prescribed limit"
80306,80306.0,Being in charge of a motor vehicle and failing to provide a specimen for a laboratory test or two specimens for analysis of breath if at the relevant time driving or attempting to drive a motor vehicle
80307,80307.0,Failing without reasonable excuse to provide a specimen of breath for a preliminary test
80308,80308.0,Failing to allow specimen of blood to be subjected to laboratory test
80309,80309.0,Driving or attempting to drive a motor vehicle whilst unfit through drink or drugs (impairment) - drink
80310,80310.0,Driving or attempting to drive a motor vehicle whilst unfit through drink or drugs (impairment) - drugs
80311,80311.0,Being in charge of a mechanically propelled vehicle whilst unfit to drive through drink or drugs. (impairment) - drink
80312,80312.0,Being in charge of a mechanically propelled vehicle whilst unfit to drive through drink or drugs. (impairment) - drugs
80313.0,80313.0,Drive a motor vehicle with the proportion of specified controlled drug above specified limit
80314,80314.0,Unknown drink/drug driving offence
80315,80315.0,Unknown drink/drug driving offence
80316.0,80316.0,Attempt to drive a motor vehicle with the proportion of specified controlled drug above specified limit
80400,80400.0,"Careless Driving: Aiding, abetting, causing or permitting careless driving    [Use this code only if you are unable to determine which subcoded Offence applies]"
80401,80401.0,Careless Driving: Without due care and attention or reasonable consideration for other road users
80402,80402.0,Failure to comply with an order to stop a moving vehicle
80403,80403.0,Use of hand held mobile phone while driving
80404,80404.0,Causing the use of a mobile phone while driving a motor vehicle
80405,80405.0,Using a mobile phone while supervising the holder of a provisional driving licence to drive a motor vehicle on the road.
80406,80406.0,"Breach of requirements as to control of vehicle, position which does not give proper control or full view of road and traffic ahead etc."
80490,80490.0,Other careless driving offences and racing
80500,80500.0,Accident offences    [Use this code only if you are unable to determine which subcoded Offence applies]
80501,80501.0,Failing to stop after accident
80502,80502.0,Failing to report accident within 24 hours
80503,80503.0,Failing to give name and address after an accident
80700,80700.0,Driving licence related offences    [Use this code only if you are unable to determine which subcoded Offence applies]
80701,80701.0,Driving whilst disqualified from holding or obtaining a licence
80702,80702.0,Driving or causing or permitting another person to drive other than in accordance with a licence (full or provisional) (except HGV).
80703,80703.0,Failing to produce driving licence; New driver failing to produce driving test pass certificate
80704,80704.0,Driving after false declaration as to physical fitness; driving after failing to declare; driving after refusal or revocation
80705,80705.0,Making false statements to obtain or failure to produce revoked licence
80706,80706.0,Driving licence holder failing to surrender licence and counterpart
80707,80707.0,Driving or causing or permitting driving of a relevant vehicle on road without a Certificate of Professional Competence (CPC)
80708,80708.0,"Driver failing to carry in vehicle CPC, initial CPC or document authorising driving while taking a course; failing to produce evidence or document regarding CPC to constable or vehicle examiner"
80709,80709.0,Fail to comply with notice in writing to surrender revoked document or card
80710,80710.0,Knowingly making a false statement to obtain issue of a driver qualification card
80790,80790.0,Other driving licence offences (excluding forgery)
80900,80900.0,Vehicle insurance offences    [Use this code only if you are unable to determine which subcoded Offence applies]
80901,80901.0,Using motor vehicle uninsured against third party risks
80902.0,80902.0,Making false statement or with holding material information in order to obtain the issue of a certificate of insurance
80903.0,80903.0,Keeping vehicle which does not meet insurance requirements
80990,80990.0,Other vehicle insurance offences (except forgery etc). Offences under Motor Vehicles (Third Party Risks) Regulations 1972
81000,81000.0,Vehicle registration and excise licence offences    [Use this code only if you are unable to determine which subcoded Offence applies]
81001,81001.0,Motor vehicle licence obscured or not affixed
81002,81002.0,Making false statement or produces false evidence for the purposes of Regs under 66(1) of this Act (applying for a licence under Vehicles (Excise) Act 1971)
81003,81003.0,Disclose any information obtained from the register of vehicles held under S.21 of the Vehicle Excise & Registration Act 1994
81090,81090.0,Other offences connected with vehicle registration and excise licence (except forgery and deception offences; and failing to pay duty offences)
81100,81100.0,Work record or employment offences    [Use this code only if you are unable to determine which subcoded Offence applies]
81101,81101.0,"Driver or employer failing to keep or produce records, or to install and use recording equipment"
81102,81102.0,Failing to observe limits on hours of driving and duty or rest requirements
81103.0,81103.0,"TEW offences Passenger and Goods Vehicles (Recording Equipment) (Tachograph Card) Regulations 2006 RR.3 (1) (a), (2) & (6); 4(1) (a),(2) &"
81104.0,81104.0,"Summary offences Passenger and Goods Vehicles (Recording Equipment) (Tachograph Card) Regulations 2006 RR.4 (1) (a) & (4); 4(1)(b) & (4); 4(1) (c) & (4); 4(1)(g) & (4);5,6 &7"
81190,81190.0,Other work record or employment offences (except falsification of records).
81200,81200.0,"Aiding, abetting, causing or permitting operator's licence offences (except using etc. with intent to deceive). Offences under Goods Vehicles (Operator's Licences Qualification and Fees) Regulations 1984. Offences under Public Passenger Vehicles Act 1981. Offences under Road Vehicles (Registration and Licensing) Regulations 2002"
81300,81300.0,"Aiding, abetting, causing or permitting vehicle test offences (except fraud etc connected with test certificate)"
81400,81400.0,"Fraud, forgery etc associated with vehicle or driver records    [Use this code only if you are unable to determine which subcoded Offence applies]"
81401,81401.0,"Fraud, forgery etc. associated with driving licence"
81402,81402.0,"Fraud, forgery etc. associated with insurance certificate"
81403,81403.0,"Fraud, forgery etc. associated with registration and licensing documents"
81404,81404.0,"Fraud, forgery etc. associated with work records"
81405,81405.0,"Fraud, forgery etc. associated with operator's licence"
81406,81406.0,"Fraud, forgery etc. associated with test certificate"
81407,81407.0,Mishandling or faking parking documents
81408,81408.0,"Making false statement or producing, providing, sending or otherwise making use of a document known to be false for purposes of either SS.53-60 and 63 of RTA 88 or of Regulations made under SS.49-51,61,62 & 66(3) - Road Traffic Act 1988"
81409,81409.0,"Wilfully, or with intent to deceive, making a false entry in any record required to be made or kept by regulations under S.74 (operator's duty to inspect and keep records of inspections of goods vehicles)"
81410.0,81410.0,"Forging, altering, using, lending or making document or authority to drive, card, licence or certificate with intent to deceive"
81500,81500.0,"Aiding, abetting, causing or permitting vehicle or part in dangerous or defective condition"
81501,81501.0,Brakes defective
81502,81502.0,Steering defective
81503,81503.0,Tyres defective
81504,81504.0,Using vehicle in dangerous condition etc
81505,81505.0,Breach of legal exhaust emissions
81590,81590.0,"Other offences relating to vehicles in dangerous or defective condition (excluding exceeding specified limits for exhaust emissions, defective brakes, steering and tyres)"
81600,81600.0,Speed limit offences    [Use this code only if you are unable to determine which subcoded Offence applies]
81601,81601.0,Speeding offences not detected by camera devices
81602,81602.0,Motor vehicle exceeding temporary speed restriction made by Highway Authority on road other than motorway under s14 of this Act
81611,81611.0,Speeding offences detected by camera devices
81700,81700.0,"Aiding, abetting, causing or permitting motorway offences"
81800,81800.0,Neglect of traffic directions    [Use this code only if you are unable to determine which subcoded Offence applies]
81801,81801.0,Failing to comply with traffic light signals/signs - offences not detected by camera devices
81802,81802.0,Driving on prohibited road
81811,81811.0,Failing to comply with traffic light signals/signs - offences detected by camera devices
81890,81890.0,Other offences of neglect of traffic directions
81900,81900.0,Neglect of pedestrian rights    [Use this code only if you are unable to determine which subcoded Offence applies]
81901,81901.0,Neglect of pedestrian rights (endorsable offences)
81902,81902.0,Driving on a footway
82000,82000.0,"Obstruction, waiting and parking offences    [Use this code only if you are unable to determine which subcoded Offence applies]"
82001,82001.0,Leaving vehicle in a dangerous position
82002,82002.0,"With intent to avoid payment of or being identified as having failed to pay a charge imposed by a charging scheme, interfering with any equipment or causing or permitting registration plate to be obscured"
82003,82003.0,"Making or using any false document with intent to avoid payment of, or being identified as having failed to pay, charges imposed by a charging scheme"
82004,82004.0,Removal of a notice of a charging scheme penalty charge which has been fixed to a motor vehicle
82005,82005.0,Obstructing a person exercising any power conferred on him by a charging scheme
82006,82006.0,Removing or interfering with an immobilisation notice fixed to a motor vehicle (provision included in charging scheme)
82007,82007.0,Removing or attempting to remove an immobilisation device fitted to a motor vehicle (provision included in charging scheme)
82008,82008.0,Intentionally obstructing a person exercising any power conferred on him (immobilisation etc. under charging scheme)
82009,82009.0,Intentionally obstructing a person exercising any power conferred on him (enforcement of licensing scheme)
82010,82010.0,"Contravention of regulations made under Sections 78, 79 & 82 in connection with penalty charges - Traffic Management Act 2004"
82011.0,82011.0,Contravention of regulations in connection with immobilisation device
82012.0,82012.0,Contravention of regulations in connection with securing possession of vehicles
82013.0,82013.0,Contravention of regulations in connection with display of disabled person's badge
82090,82090.0,"Other obstruction, waiting and parking offences"
82100,82100.0,"Aiding, abetting, causing or permitting lighting and rear marking offences"
82200,82200.0,"Aiding, abetting, causing or permitting noise offences"
82300,82300.0,Load offences    [Use this code only if you are unable to determine which subcoded Offence applies]
82301,82301.0,Dangerous loads or number of passengers carried
82302,82302.0,Exceeding gross weight or axle weight
82390,82390.0,Other load offences
82400,82400.0,Offences peculiar to motor cycles    [Use this code only if you are unable to determine which subcoded Offence applies]
82401,82401.0,Failing to wear a crash helmet
82402,82402.0,Unlawful pillion riding
82500,82500.0,Miscellaneous offences (including trailer offences)    [Use this code only if you are unable to determine which subcoded Offence applies]
82501,82501.0,Non-compliance with notice to owner
82502,82502.0,Seat belt offences
82503,82503.0,Not giving name and address when required - Road Traffic Act 1988 SS.165(3)&(6) and 168(a)
82504,82504.0,Failure to comply with prohibition imposed under S.99A(1)of Transport Act 1968
82505,82505.0,Regulation of Motor salvage operators and registration plate suppliers
82506,82506.0,Tampering with Motor Vehicle
82507,82507.0,"TEW offences under End-of-Life Vehicles Regs 2003 Reg 6,38(1),42"
82508.0,82508.0,Keeper of vehicle or person other than keeper of vehicle failing to supply information as to driver's identity as required by or on behalf of Chief Officer of Police
82509.0,82509.0,Driving vehicle in contravention of prohibition of failure to pay financial penalty deposit etc.
82510.0,82510.0,Interference etc. with alcohol ignition lock
82511.0,82511.0,Breach of requirement as to speed assessment equipment detection
82512.0,82512.0,Without reasonable excuse failing to produce a badge when required to do so under S.4BA - Chronically Sick and Disabled Persons Act 1970
82513.0,82513.0,Giving or allowing paid driving instruction in contravention of S.123(1)(a) of the Road Traffic Act 1988
82514,82514.0,"Failure to comply within a reasonable time with a direction under R.4(1)(b) - Road Safety (Immobilisation, Removal and Disposal of Vehicles) Regulations 2009"
82515,82515.0,Removing or interfering with an immobilisation notice without authority
82516,82516.0,Without authority removing or attempting to remove an immobilisation device fixed to a vehicle
82517.0,82517.0,Misusing a disabled person's badge or concession
82518,82518.0,Making false declaration with a view to securing release of a vehicle from an immobilisation device
82519,82519.0,"Failure to comply within a reasonable time with a direction under RR.10(1) & 11(1) - Road Safety (Immobilisation, Removal and Disposal of Vehicles) Regulations 2009"
82520,82520.0,Making false declaration with a view to securing possession of a vehicle delivered into custody of a person
82521,82521.0,Summary offences relating to Regulations under Motor Cycles etc (Replacement of Catalytic Converters) Regulations 2009
82522,82522.0,Summary offences relating to Regulations under Motor Vehicles (Replacement of Catalytic Converters and Pollution Control Devices) Regulations 2009
82523.0,82523.0,Offences relating to the immobilisation of vehicles
82524,82524.0,Offences relating to the immobilisation of vehicles
82590,82590.0,"Other miscellaneous offences - Road Traffic Act 1988 SS.13(1), 17(2), 18(4), 34(1), 66C(1) & (2), 71(1), 75(5), 76(1), 76(3), 83, 123(4), 135 & 177 & Sch.1(6). Road Traffic (Foreign Vehicles) Act 1972 SS.3(1)(a) & (b). Road Traffic Regulation Act 1984 SS.35A(2), 47(1), 47(3), 104, 112(4) & 117 & Sch.12 P.3(5). Road Vehicles (Construction and Use) Regulations 1986 RR.3, 9, 22, 33, 43, 83, 86 & 89. End-of-Life Vehicle Regulations 2003 RR.7, 8, 23, 27 & 28"
82599,82599.0,"Any other offences where a motor vehicle is involved and the Regulation or Act and Section are not mentioned above or in Volume III, Part 1, Appendix 1, Part 1. (Details should be included in the 'Extra particulars' box on the input forms)"
99900,99900.0,Other Offence (non indictable)    [Use this code only if you are unable to determine which subcoded Offence applies]
B0025,,BREACH OF LICENSE CONDITIONS
B0070,,BREACH OF SUSPENDED SENTENCE
B0100,,BREACH OF DETENTION AND TRAINING ORDER
B0165,,BREACH OF A COMBINATION ORDER
B0170,,BREACH OF COMMUNITY PUNISHMENT ORDER
B0171,,BREACH OF COMMUNITY ORDER
B0175,,BREACH OF CURFEW ORDER
B0180,,BREACH OF ATTENDANCE CENTRE ORDER
B0185,,BREACH OF A REPARATION ORDER
B0190,,BREACH OF AN ACTION PLAN ORDER
B0192,,BREACH OF DRUG ABSTINENCE ORDER
B0195,,BREACH OF DRUG TREATMENT AND TESTING ORDER
B0240,,BREACH OF SUPERVISION ORDER
B0280,,BREACH OF COMMUNITY REHABILITATION ORDER
B0300,,BREACH OF REFERRAL ORDER
B0320,,BREACH OF CONDITIONAL DISCHARGE
B0650,,BREACH OF SUSPENDED SENTENCE SUPERVISION ORDER
B0920,,BREACH OF BINDING OVER ORDER
BRC00,,BRC Pseudo Code
G0100,,Guernsey & Alderney Category 1 Offences
G0200,,Guernsey & Alderney Category 2 Offences
G0300,,Guernsey & Alderney Category 3 Offences
G0400,,Guernsey & Alderney Category 4 Offences
G0500,,Guernsey & Alderney Category 5 Offences
G0700,,Guernsey & Alderney Category 7 Offences
G0800,,Guernsey & Alderney Category 8 Offences
G0900,,Guernsey & Alderney Category 9 Offences
G1100,,Guernsey & Alderney Category 11 Offences
G1200,,Guernsey & Alderney Category 12 Offences
J0100,,Jersey Category 1 Offences
J0200,,Jersey Category 2 Offences
J0300,,Jersey Category 3 Offences
J0400,,Jersey Category 4 Offences
J0500,,Jersey Category 5 Offences
J0600,,Jersey Category 6 Offences
J0700,,Jersey Category 7 Offences
J0800,,Jersey Category 8 Offences
J0900,,Jersey Category 9 Offences
J1100,,Jersey Category 11 Offences
J1200,,Jersey Category 12 Offences
M0100,,Isle Of Man Category 1 Offences
M0200,,Isle Of Man Category 2 Offences
M0300,,Isle Of Man Category 3 Offences
M0400,,Isle Of Man Category 4 Offences
M0500,,Isle Of Man Category 5 Offences
M0700,,Isle Of Man Category 7 Offences
M0800,,Isle Of Man Category 8 Offences
M0900,,Isle Of Man Category 9 Offences
M1100,,Isle Of Man Category 11 Offences
M1200,,Isle Of Man Category 12 Offences
N0100,,Northern Ireland Category 1 Offences
N0200,,Northern Ireland Category 2 Offences
N0300,,Northern Ireland Category 3 Offences
N0400,,Northern Ireland Category 4 Offences
N0500,,Northern Ireland Category 5 Offences
N0700,,Northern Ireland Category 7 Offences
N0800,,Northern Ireland Category 8 Offences
N0900,,Northern Ireland Category 9 Offences
N1000,,Northern Ireland Category 10 Offences
S0100,,Scottish Category 1 Offences
S0200,,Scottish Category 2 Offences
S0300,,Scottish Category 3 Offences
S0400,,Scottish Category 4 Offences
S0500,,Scottish Category 5 Offences
S0600,,Scottish Category 6 Offences
S0700,,Scottish Category 7 Offences
S0800,,Scottish Category 8 Offences
S0900,,Scottish Category 9 Offences
S1100,,Scottish Category 11 Offences
S1200,,Scottish Category 12 Offences
00419,419,Cause serious injury by careless / inconsiderate driving
00875,875,Have a corrosive substance in a public place
00876,876,Threaten a person with an offensive weapon / article / substance in a private place
00877,877,Nonfatal strangulation or suffocation
00999,999,Make false declaration with a view to securing release of a vehicle from an immobilisation device or delivered into custody of a person
02126,2126.0,Arrange / facilitate the rape / assault by penetration of a child under 13
02127,2127.0,Arrange / facilitate a child under 13 to engage in sexual activity - penetration
02226,2226.0,Arrange / facilitate sexual activity with a child / incite a child to engage - penetration
02230,2230.0,Arrange / facilitate a sexual offence commited by a child / young person
02414,2414.0,Man over 21 years party to / procure gross indecency by men (one under 16) (historic)
02415,2415.0,Man aged 18 to 20 party to / procure gross indecency by men (one under 16) (historic)
03703,3703.0,Aggravated vehicle taking (taking) accident causing damage to property other than vehicle UNDER Â£5000 (Reclassified)
05603,5603.0,Racially aggravated arson (Criminal Damage Act 1971)
06814,6814.0,Individual/body corporate/partnership supply specialist printing equipment knowing it will be used for criminal purposes
06817,6817.0,Breach Knife Crime Prevention Order (KCPO) or Interim KCPO
06818,6818.0,"Fail to notify police with name or address, or give false information (Knife Crime Prevention Order)"
06819,6819.0,Breach of domestic abuse protection order
06820,6820.0,Offences relating to notification requirements of Domesic Abuse Protection Order
06821,6821.0,"Offences relating to carrying out, aiding or abetting the carrying out of a virginity test"
06822,6822.0,"Offences relating to carryin out of a hymenoplasty, aiding and abbeting the carrying out of a hymenoplasty"
06823,6823.0,Intentionally / recklessly cause a public nuisance
07766,7766.0,Possess a Class C controlled drug on board a ship - Khat
07802,7802.0,Knowingly concerned in making or carrying out arrangements for securing or facilitating the entry into the UK of anyone whom he knows or has reasonable cause for believing to be anasylum claimant (historic)
07826,7826.0,Contravention of tenancy agreements in relation to immigration status (Immigration Act 2016)
07827,7827.0,Fail to comply with an Labour Market Enforcement Order (Immigration Act 2016)
07828,7828.0,Immigration offences relating to entering the UK without proper permissions
07829,7829.0,Offences relating to the facilitation of the commission of a breach of UK immigration law by a non UK national
07830,7830.0,Offences relating to assissting asylum seekers entering the UK
07908,7908.0,Member of a jury engage in prohibited conduct
07909,7909.0,Intentionally disclose jury's deliberations
07910,7910.0,Member of a jury at an inquest research the case during the inquest period
07911,7911.0,Member of a jury at an inquest share research with another member of the jury during the inquest period
07912,7912.0,Member of a jury at an inquest engage in prohibited conduct
07913,7913.0,Intentionally disclose jury's deliberations at an inquest
08128,8128.0,Having Small - caliber pistol outside premises of licensed pistol club
08141,8141.0,Firearms (Amendment) Act 1988 Sec.17 (10)(b) as amended by Firearms (Amendment) Act 1997 S.12 (1) (3) (5)
08179,8179.0,Unship / unload prohibited weapon / ammunition with intent to evade prohibition / restriction
08180,8180.0,Remove prohibited weapons / ammunition from their place of importation with intent to evade prohibition / restriction
08205,8205.0,Triable either way offences under Alcoholic Liquor Duties Act 1979 - Selling/buying of liquor without approval from the Commissioner
08304,8304.0,Disclose information acquired in employment at directly managed secure college relating to detainee (reclassified)
08307,8307.0,Disclose information acquired in employment at contracted-out secure college relating to detainee
08308,8308.0,Breach of pre-charge bail condition not to leave the United Kingdom/relating to travel
08511,8511.0,"Contravening requirements of dispensing/storage of petroleum related health and safety regulations (various sections in The Petroleum (Consolidation) Act 2014, s.4-5, 8-10, 12-13, 19-21)"
08512,8512.0,Triable either way offences under the Explosives Regulations 2014
08813,8813.0,Offences relating to using equipment to film or observe another while breastfeeding
09006,9006.0,Offences under S.28 Violent Crime Reduction Act 2006 (using someone to mind a weapon - could be firearm or bladed)
09186,9186.0,Triable either way offences under Merchant Shipping (Dangerous Goods and Marine Pollutants) Regulations 1997
09187,9187.0,Triable either way offences under the Environmental Permitting (England and Wales) Regulations 2016 and the Environmental Protection (England) (Microbeads) Regulations 2017
09188,9188.0,"Producer of portable batteries, placed on market in UK, failed to comply with requirement to finance net costs of collection, treatment and recycling of all waste portable batteries collected in UK, Waste Batteries and Accumulators Regulations 2009"
09189,9189.0,"Producer of portable batteries fail to register with a battery compliance scheme, Waste Batteries and Accumulators Regulations 2009"
09190,9190.0,Fail to comply with stop notice issued under Environmental Protection (Wales) (Microbeads) Regs 2018
09191,9191.0,Triable either way offences under the Transfrontier Shipment of Radioactive Waste and Spent Fuel (EU Exit) Regulations 2019
09390,9390.0,Permitting premises to be used for unlawful purposes - Class C (khat)
09418,9418.0,Shine / direct laser beam towards an air traffic facility /a person providing air traffic services
09575,9575.0,Disclose information obtained by virtue of section 260 or Schedule 22 (National Health Service Act 2006)
09576,9576.0,"Triable either way offences related to Money Laundering, Terrorist Financing and Transfer of Funds Regulations 2017"
09577,9577.0,Triable either way offences under Criminal Justice (European Investigation Order) Regulations 2017
09578,9578.0,Triable either way offences under Digital Economy Act 2017
09579,9579.0,"Make a false or misleading statement in purported compliance with an Unexplained Wealth/Disclosure Order, Criminal Finance Act 2017"
09580,9580.0,"Knowingly / recklessly furnish information false / misleading in a material particular, Common Agricultural Policy (Control and Enforcement, Cross-Compliance, Scrutiny of Transactions and Appeals) Regulations 2014"
09585,9585.0,Deal with or make available funds for benefit of a designated person under the Global Anti-Corruption Sanctions Regulations 2021
09586,9586.0,Breach of confidentiality (Global Anti-Corruption Sanctions Regulations 2021)
09601,9601.0,"Unauthorised disclosure of information by the Commissioner/member of Commissioner's staff/agent of the Commissioner, s.132(3) of the Data Protection Act 2018"
09602,9602.0,"Make false statement knowingly/recklessly in response to an information notice, s.144 of the Data Protection Act 2018"
09603,9603.0,Obtain / procure disclose / retain personal data without consent of controller
09604,9604.0,Unlawfully sell / offer to sell personal data
09605,9605.0,Re-identify de-identified personal data without controller's consent; Unlawfully process re-identified data
09606,9606.0,Make employment/provision of goods/facilities/services conditional on access to a relevant record
09607,9607.0,Destroying or falsifying information and documents specified in information/assessment notices under s.148(2) of the Data Protection Act 2018
09701,9701.0,"Causing, permitting or failing to prevent unnecessary suffering of protected animal"
09702,9702.0,"Carrying out, permitting, causing to be carried out or failing to prevent prohibited procedure on a protected animal"
09703,9703.0,Removing or causing or permitting or failing to prevent removal of dog’s tail other than for medical treatment
09704,9704.0,Administration of poisons etc to a protected animal
09705,9705.0,Offences relating to animal fights
09857,9857.0,Other triable either way offences under Insolvency Act 1986
09858,9858.0,False representations and omissions in application for debt relief order
09859,9859.0,Concealment or falsification of documents during moratorium period of debt relief order
09860,9860.0,Fraudulent disposal of property during moratorium period of debt relief order
09861,9861.0,Fraudulent dealing with property obtained on credit during moratorium period of debt relief order
09862,9862.0,Obtaining credit or engaging in business during moratorium period of debt relief order
09897,9897.0,Offences relating to solemnization/registration of marriages
09917,9917.0,"Triable either way offences under the Control of Trade in Endangered Species Regulations 2018, para 1"
09918,9918.0,"Triable either way offences under the Control of Trade in Endangered Species Regulations 2018, para 2"
10441,10441.0,Obstruct a person serving / enforcing a closure notice / order
10443,10443.0,"Owner / manager / operator of hotel fail to comply with requirement to provide guest information imposed under s116(4) (Anti-social Behaviour, Crime and Policing Act 2014)"
10446,10446.0,Offences in relation to enforcement officer functions Part 1 Schedule 2 Modern Slavery Act Modern Slavery Act 2015
10447,10447.0,Intentionally obstruct or fail to comply with requirement imposed by law enforcement officer; provide false or fail to disclose information requested by law enforcement officer
10448,10448.0,Fail to consent to being searched for alcohol/container for alcohol/tobacco/cigarette papers by CSO/CSV
10518,10518.0,Fail to hand over travel documents when required by examining officer / constable
10519,10519.0,Make off when required to wait with a secure college custody officer
10520,10520.0,Resist / wilfully obstruct a custody officer performing custodial duties at a contracted-out secure college
10634,10634.0,"Summary offences under Betting, Gaming and Lotteries Act 1963"
10642,10642.0,Restriction of betting on tracks (prohibited days) and dog race courses (number of races and hours)
10661,10661.0,Summary offences under Gaming Act 1845
10840,10840.0,Transported animal in transporter not fit for intended journey
11010,11010.0,Fail to comply with specified provisions under Genetically Modified Animal Feed (England) Regulations 2004
11011,11011.0,Fail to comply with notice issued under Genetically Modified Animal Feed (England) Regulations 2004
11012,11012.0,Fail to comply with specified provisions under Genetically Modified Food (England) Regulations 2004
11126,11126.0,Various summary offences contrary to regulations under the Microchipping of Dogs (England) Regulations 2015.(And the Microchipping of Dogs (Wales) Regulations 2015).
11202,11202.0,Preventing child from receiving education
11224,11224.0,Refusal by private hire vehicle to carry assistant dog (Disability Discrimination Act 1995)
11301,11301.0,Supplier of regulated / reportable explosives precursor fail to report suspicious transaction / proposed transaction; Fail to report significant disappearance / theft of regulated / reportable explosives precursors
11302,11302.0,Supply a regulated explosives precursor without entering details of the transaction in the licence or ensuring warning label is affixed to the packaging when supplying to member of public
11402,11402.0,Summary offences under the Co-operative and Community Benefit Societies Act 2014
11403,11403.0,Summary offences under Ukraine (European Union Financial Sanctions) (No. 2) Regulations 2014
11507,11507.0,Non-compliance with condition of permit to have small-caliber pistols outside licensed clubs.  Firearms (Amendment) Act 1997 Sec. 13(5)(a)
11508,11508.0,Making false statement etc. for purposes of procuring (whether for himself or another) the grant of a permit to have small-caliber pistol outside licensed club.  Firearms ( Amendment ) Act 1997 S.13 (5)(b)
11509,11509.0,No pistol club to operate without a license - if small-caliber pistol is stored or used in contravention of Sec. 20(1)(2) Club management held responsible. Firearms (Amendment) Act 1997 Sec. 20(4)
11510,11510.0,Failure to comply with conditions of licence. Firearms (Amendment) Act 1997 S.23
11511,11511.0,Non-compliance with notice of revocation of club licence. Firearms (Amendment) Act 1997 Sec. 26(2)(3)(9)
11512,11512.0,Failure to comply with requirements to keep registers at licensed pistol clubs. Firearms (Amendment) Act 1997 S.28(4)(a)
11513,11513.0,Knowingly or recklessly to make any entry in the pistol register which is false in any material particular. Firearms (Amendment) Act 1997 S.28 (4)(b)
11514,11514.0,Breach of Regulations made under Section 29(1)(a)(b)(c). Firearms (Amendment) Act 1997 Sec.29(2) (historic)
11515,11515.0,Obstruction of constable or civilian officer entering or inspecting licensed premises.  Firearms (Amendment) Act 1997 S.30
11516,11516.0,"Making false statement for purpose of procuring grant, renewal or variation of a licence or release of small-caliber pistol from police custody. Firearms (Amendment) Act 1997 S.31"
11517,11517.0,Making false statement for purpose of procuring the release of small-caliber pistol from police custody (other than under S.26 ) Firearms (Amendment) Act 1997 Sch.1 para.7
11599,11599.0,Fail to notify Secretary of State of transfer or possession of deactivated firearm
11607,11607.0,Fishing salmon or freshwater fish in breach of The Scotland Act 1998 (River Tweed) Order 2006
11621,11621.0,"Undertake fishing operations in contravention of The Sea Fishing Operations (Monitoring Devices) (Wales) Order 2022, article 3, paragraph 1"
12587,12587.0,Fail to stop a vehicle when required to do so by virtue of section 116(3) of Terrorism Act 2000
12588,12588.0,Possess pyrotechnic article at a musical event (Policing and Crime Act 2017)
12589,12589.0,Fail to comply with requirement imposed under disclosure order (Criminal Finance Act 2017)
12590,12590.0,Publish an image of an item of clothing or other article - terrorism
12591,12591.0,Offences relating to obstruction or non-compliance with searches or duties carried out under Counter-Terrorism and Border Security Act 2019
12592,12592.0,Offences relating one person protests failing to comply with condition
12593,12593.0,Offences relating to the failure to leave land / remove vehicle and returning without permission
13013,13013.0,Failure to supply financial statement for parental compensation order
13836,13836.0,Knowingly serve as a juror at an inquest when disqualified
13840,13840.0,On summons as a juror fail without reasonable excuse to attend an inquest/Attend a coroner inquest as a juror refuse and without reasonable excuse refuse to serve
13849,13849.0,Summary offences under the Cosmetic Products Enforcement Regulations 2013
13850,13850.0,"Summary offences for failure to give information regarding offshore income, assets and/or activities (Taxes Management Act 1970)"
14332,14332.0,Obstructing authorsied person from surveying land (Licensing Act 1964)
14901,14901.0,"Racially aggravated criminal damage to property value under £5,000"
15040,15040.0,Offences concerning fisherman's work agreement (Merchant Shipping (Work in Fishing Convention) Regulations 2018)
15041,15041.0,Fishing vessel owner fails in their duties to a fisherman who is pending repatriation (Merchant Shipping (Work in Fishing Convention) Regulations 2018)
15042,15042.0,"Fishing vessel owner fails to provide suitable accommodation, required food or drinking water (Merchant Shipping (Work in Fishing Convention) Regulations 2018)"
15043,15043.0,Summary offences under the Port Security Regulations 2009
15116,15116.0,Other social security offences
15519,15519.0,"Fail to maintain direct, unaided visual contact with small unmanned aircraft"
15520,15520.0,Fly small unmanned surveillance aircraft as described in 167(2) not in accordance with permission issued by CAA
15521,15521.0,Cause / permit article / animal to be dropped from small unmanned aircraft endangering persons / property
15522,15522.0,Fly small unmanned aircraft when not reasonably satisfied that the flight can safely be made
15523,15523.0,"Fly small unmanned aircraft (mass greater than 7kg) in Class A, C, D or E airspace without permission"
15524,15524.0,Fly small unmanned aircraft (mass greater than 7kg) within aerodrome traffic zone during hours of watch w/o permission
15525,15525.0,Fly small unmanned aircraft (mass greater than 7kg) at a height of more than 400 feet
15526,15526.0,Fly small unmanned aircraft for purposes of aerial work other than in accordance with permission granted by CAA
15527,15527.0,Fly small unmanned surveillance aircraft during take-off or landing within 30 metres of any person
15528,15528.0,Summary offences under Air Navigation Order 2016
15529,15529.0,Fail to comply with requirement regarding unmanned aircraft
15530,15530.0,Offences by remote pilots flying unmanned aircraft
15604,15604.0,"Encroachment or inclosure of parks, commons or open spaces"
15807,15807.0,Include in a publication matter breaching anonymity of victim of Female Genital Mutilation
15808,15808.0,Being person responsible for publication including matter likely to lead to identification of victim of forced marriage
16806,16806.0,Breaking up streets for the purposes of laying pipes
17201,17201.0,"Offences involving the possession, transport, display or sale of liquor from an unstamped retail container (Alcoholic Liquor Duties Act 1979)"
17314,17314.0,Summary offences under Road Transport (International Passenger Services) Regulations 2018
17317,17317.0,Offences against the regulation of services by public service vehicles in and around London (S.23 of the Transport (London) Act 1969) (historic)
18403,18403.0,Obstruct local authority in exercise of s47(3)(a) power to enter premises - Care Act 2014
19356,19356.0,Remain on / enter premises in contravention of access prohibition re psychoactive substances
19357,19357.0,Obstruct a person entering premises / securing premises against entry re psychoactive substances
19358,19358.0,Obstruct enforcement officer in performance of functions under Psychoactive Substances Act 2016
19359,19359.0,Fail to comply / prevent compliance with requirement / direction under Psychoactive Substances Act 2016
19436,19436.0,Immigration Act 1971 - Obtain / Seek to obtain leave to enter UK by deception (historic)
19463,19463.0,Drive motor vehicle on road/public place when not lawfully resident in UK
19464,19464.0,Illegal working
19465,19465.0,Provide false information / intentionally failed to disclose information to a relevant officer enforcing a power under Part 1 of Schedule 4A of the Immigration Act 1971
19466,19466.0,Fail to comply with direction to move container for search - immigration
19467,19467.0,Immigration offences relating to maritime enforcement
19597,19597.0,Sex Offenders Act 1997 S.3[1](b) Notifies police with false information as to name or names
19598,19598.0,Sex Offenders Act 1997 S.3[1](b) Notifies police with false information as to home address
19655,19655,Obstruction of regulator in exercise of his power
19656,19656,"Export of Goods, Transfer of Technology and Provision of Technical Assistance (Control) Order 2003 a.16(1)(8)(9)(19)"
19699,19699,Manufacture rinse-off personal care product containing microbeads
19702,19702,Smoking in a vehicle in which a child was present
19703,19703,Driver fail to prevent smoking in a vehicle in which child was present - England & Wales
19704,19704,Summary offences contrary to regulations under the Waste Electrical and Electronic Equipment Regulations 2013.
19705,19705,"Various summary offences contrary to regulations under the the Animal Feed (Hygiene, Sampling etc. and Enforcement) (England) Regulations 2015."
19706,19706,"Requirement to give information in criminal proceedings, to state nationality/produce nationality document"
19707,19707,"Failure to comply with requirement under reg 20-27 of Company, Limited Liability Partnership and Business (Names and Trading Disclosures) Regulations 2015"
19708,19708,Company/director/secretary/officer fail to deliver confirmation statement before end 14 day review period
19709,19709,Offences breaching reg.7(1-4) of the Personal Protective Equipment Regulations 2018
19710,19710,Obstructing/failure to assist person with power/executing warrant to inspect personal data
19711,19711,"Fail to supply or give false/misleading information, documents or records to enforcement officer; Intentionally obstruct enforcement officer (Environmental Protection (Microbeads) (Wales) Regulations 2018)"
19712,19712,Fail to comply with stop notice within time limit specified (Control of Trade in Endangered Species Regulations 2018)
19713,19713,Summary offences under The Equine Identification (Wales) Regulations 2019
19714,19714,Summary offences under the Water Supply (Water Fittings) Regulations 1999
19715,19715,"Food Hygiene Rating offences, Wales"
19716,19716,Intentionally obstruct or fail to give assistance or information to any person acting in the execution of the Common Agricultural Policy Regulations 2014
19718,19718,Contravention of registration requirements under The Care Quality Commission (Registration) Regulations 2009
19719,19719,Fail to disclose information relevant to Global Anti-Corruption Sanctions Regulations 2021
19720,19720,Fail to attend premises to deliver signed marriage document when required by notice
19721,19721,Possess an offensive weapon in private place
19722,19722,Summary offence under the Offensive Weapons Act 2019
19827,19827,Make a false declaration under Safeguarding Vulnerable Groups Act 2006
59800,59800,Not an offence. Various breaches
59900,59900,Not an offence. Various breaches
80801,80801,Use / keep HGV on a road when HGV road user levy not paid
81004,81004,"Operator uses or permits goods vehicle to be taken outside UK without international road transport permit, or in breach of prohibition notice under S7."
81005,81005,Use goods vehicle in Great Britain for international carriage without a Community licence
81803,81803,Driving Heavy Commercial Vehicle in Kent in breach of restriction period or requirement by traffic officer
81903,81903,Failure to follow pedestrian crossing regulations
82525,82525,Summary offences under Road Vehicles (Approval) Regulations 2020
12121.0,12121.0,Other offences against Game Laws - Trespass with intent to search for or to pursue hares with dogs
00528,00528,Wounding and other acts endangering life - Send communication threatening death or serious harm
09600,09600,Packaging Waste (Data Reporting) (England) Regulations 2023 - data reporting obligations
09609,09609,Failure to comply with packaging waste data reporting or obstructing / not complying with the Environment Agency
08814,8814.0,Sending etc photograph or film of genitals (sometimes referred to informally as cyberflashing)
08815,8815.0,"Sharing, and threatening to share intimate images (Informally sometimes described as revenge porn)"
13852,13852,Send false communication with intent to cause harm. (False communications offence).
09700,9700,Unknown (no other information available as of Aug 2025)
15999.0,15999,Remain unlawfully at large after expiry of release period under intermittent custody order Contrary to section 1 (1 A) and (3) of the Prisoners (Return to Custody) Act 1995.
09391,9391.0,Permitting premises to be used for unlawful purposes - Class C - Having possession of nitrous oxide for wrongful inhalation
00879,879.0,Offences relating to a breach or obstructing enforcement of serious violence reduction orders
00878,878.0,Offences relating to racially or religiously aggravated strangulation or suffocation
09392,9392,Possession with intent to supply nitrous oxide for wrongful inhalation - class C drug
00000,,
00000,,
00000,,
00000,,
00000,,
00000,,
00000,,
00000,,
00000,,
00000,,
00000,,
00000,,
00000,,
00000,,
00000,,
00000,,
